name,lat,lon,status,P20_001,P20_002,P20_003,P20_004,P20_005,P20_006,P20_007,P20_008,P20_009,P20_010,P20_011,P20_012,レベル,備考,緯度,経度,NO
（株）浅田組資材置き場,33.203803,132.555574,open,38203,（株）浅田組資材置き場,愛媛県宇和島市,津波一時避難場所,-1,-1,0,1,0,0,0,0,3,,33.203803,132.555574,794
（株）壹晴裏の山道,33.21982963,132.5456459,open,38203,（株）壹晴裏の山道,愛媛県宇和島市,津波一時避難場所,-1,-1,0,1,0,0,0,0,3,,33.21982963,132.5456459,795
（小深浦）市道小深浦線,33.31965895,132.5088631,open,38203,（小深浦）市道小深浦線,愛媛県宇和島市,津波一時避難場所,-1,-1,0,1,0,0,0,0,3,宇和島市の回答より,33.31965895,132.5088631,796
（前）潮田雪枝さん宅裏山,33.22909057,132.5610755,open,38203,（前）潮田雪枝さん宅裏山,愛媛県宇和島市,津波一時避難場所,-1,-1,0,1,0,0,0,0,3,宇和島市の回答より,33.22909057,132.5610755,797
ＪＡ柿之浦支所裏山,33.19287677,132.4454321,open,38203,ＪＡ柿之浦支所裏山,愛媛県宇和島市,津波一時避難場所,-1,-1,0,1,0,0,0,0,3,,33.19287677,132.4454321,798
えひめ南農協立間中央支所,33.29346509,132.5408715,open,38203,えひめ南農協立間中央支所,愛媛県宇和島市吉田町立間2-2266,収容施設,600,-1,0,0,0,0,0,1,3,,33.29346509,132.5408715,799
オイセ山,33.24165511,132.5519633,open,38203,オイセ山,愛媛県宇和島市,津波一時避難場所,-1,-1,0,1,0,0,0,0,3,宇和島市の回答より,33.24165511,132.5519633,800
グリーンコーポ前の農道,33.24368647,132.552608,open,38203,グリーンコーポ前の農道,愛媛県宇和島市,津波一時避難場所,-1,-1,0,1,0,0,0,0,3,宇和島市の回答より,33.24368647,132.552608,801
グリーンハイツ上の道,33.23255183,132.5657665,open,38203,グリーンハイツ上の道,愛媛県宇和島市,津波一時避難場所,-1,-1,0,1,0,0,0,0,3,宇和島市の回答より,33.23255183,132.5657665,802
ケアハウスいこい,33.227703,132.567114,open,38203,ケアハウスいこい,愛媛県宇和島市,津波一時避難場所,-1,-1,0,1,0,0,0,0,3,,33.227703,132.567114,803
コーナン宇和島店駐車場,33.19294817,132.5467785,open,38203,コーナン宇和島店駐車場,愛媛県宇和島市,津波一時避難場所,-1,-1,0,1,0,0,0,0,3,,33.19294817,132.5467785,804
コスモスタウン集会所,33.28801566,132.5868192,open,38203,コスモスタウン集会所,愛媛県宇和島市三間町是能202番地4,収容施設,-1,-1,0,0,0,0,0,1,4,,33.28801566,132.5868192,805
サンクス吉田店,33.28498486,132.5403423,open,38203,サンクス吉田店,愛媛県宇和島市,津波一時避難場所,-1,-1,0,1,0,0,0,0,3,宇和島市の回答より,33.28498486,132.5403423,806
セレモニーホール宇和島,33.19586,132.537217,open,38203,セレモニーホール宇和島,愛媛県宇和島市,津波一時避難場所,-1,-1,0,1,0,0,0,0,3,,33.19586,132.537217,807
ダイキ駐車場,33.18874023,132.5466407,open,38203,ダイキ駐車場,愛媛県宇和島市,津波一時避難場所,-1,-1,0,1,0,0,0,0,3,,33.18874023,132.5466407,808
タケ鼻,33.21401026,132.5225059,open,38203,タケ鼻,愛媛県宇和島市,津波一時避難場所,-1,-1,0,1,0,0,0,0,3,宇和島市の回答より,33.21401026,132.5225059,809
ダム上,33.16300361,132.4811438,open,38203,ダム上,愛媛県宇和島市,津波一時避難場所,-1,-1,0,1,0,0,0,0,3,宇和島市の回答より,33.16300361,132.4811438,810
ハイウエイレストラン宇和島駐車場,33.26444942,132.5669984,close,38203,ハイウエイレストラン宇和島駐車場,愛媛県宇和島市,津波一時避難場所,-1,-1,0,1,0,0,0,0,3,,33.26444942,132.5669984,811
ハサコ谷下,33.24159639,132.5480972,close,38203,ハサコ谷下,愛媛県宇和島市,津波一時避難場所,-1,-1,0,1,0,0,0,0,3,宇和島市の回答より,33.24159639,132.5480972,812
パチンコＦ１祝森店駐車場,33.17714608,132.5511598,close,38203,パチンコＦ１祝森店駐車場,愛媛県宇和島市,津波一時避難場所,-1,-1,0,1,0,0,0,0,3,,33.17714608,132.5511598,813
フェリー乗り場上の墓地,33.22490455,132.5300463,close,38203,フェリー乗り場上の墓地,愛媛県宇和島市,津波一時避難場所,-1,-1,0,1,0,0,0,0,3,,33.22490455,132.5300463,814
フジグラン北宇和島駐車場,33.235376,132.569897,close,38203,フジグラン北宇和島駐車場,愛媛県宇和島市,津波一時避難場所,-1,-1,0,1,0,0,0,0,3,,33.235376,132.569897,815
ふれあい運動公園,33.279009,132.534179,close,38203,ふれあい運動公園,愛媛県宇和島市吉田町鶴間1507,収容施設、一時避難場所,3645,-1,0,0,0,0,0,1,3,,33.279009,132.534179,816
みどりヶ丘児童遊園地,33.23254157,132.580464,close,38203,みどりヶ丘児童遊園地,愛媛県宇和島市,津波一時避難場所,-1,-1,0,1,0,0,0,0,3,宇和島市の回答より,33.23254157,132.580464,817
モスバーガーの裏山,33.23876965,132.5669858,close,38203,モスバーガーの裏山,愛媛県宇和島市,津波一時避難場所,-1,-1,0,1,0,0,0,0,3,,33.23876965,132.5669858,818
ヤッサン鼻,33.20105948,132.4029354,close,38203,ヤッサン鼻,愛媛県宇和島市,津波一時避難場所,-1,-1,0,1,0,0,0,0,3,宇和島市の回答より,33.20105948,132.4029354,819
ヤマダ電機駐車場,33.17759888,132.5524558,close,38203,ヤマダ電機駐車場,愛媛県宇和島市,津波一時避難場所,-1,-1,0,1,0,0,0,0,3,,33.17759888,132.5524558,820
ローソン駐車場,33.25832177,132.5715196,close,38203,ローソン駐車場,愛媛県宇和島市,津波一時避難場所,-1,-1,0,1,0,0,0,0,3,,33.25832177,132.5715196,821
阿形,33.24113339,132.5539307,close,38203,阿形,愛媛県宇和島市,津波一時避難場所,-1,-1,0,1,0,0,0,0,3,宇和島市の回答より,33.24113339,132.5539307,822
阿瀬部集会所,33.17292904,132.5593723,close,38203,阿瀬部集会所,愛媛県宇和島市祝森甲2481番地2,津波一時避難場所,-1,-1,0,1,0,0,0,0,1,,33.17292904,132.5593723,823
阿部電機北側山道,33.28648839,132.5363972,close,38203,阿部電機北側山道,愛媛県宇和島市,津波一時避難場所,-1,-1,0,1,0,0,0,0,3,,33.28648839,132.5363972,824
愛宕公園,33.21432811,132.574382,close,38203,愛宕公園,愛媛県宇和島市大超寺奥丙165番地1,一時避難場所、津波一時避難場所,12400,12400,0,0,0,0,0,1,4,,33.21432811,132.574382,825
愛媛河合？駐車場,33.24072,132.569712,close,38203,愛媛河合？駐車場,愛媛県宇和島市,津波一時避難場所,-1,-1,0,1,0,0,0,0,3,,33.24072,132.569712,826
愛媛女子短期大学,33.235656,132.573381,close,38203,愛媛女子短期大学,愛媛県宇和島市伊吹町甲421番地,収容施設、一時避難場所,13092,17112,0,0,0,0,0,1,1,,33.235656,132.573381,827
愛和聖母幼稚園グランド,33.218102,132.565853,close,38203,愛和聖母幼稚園グランド,愛媛県宇和島市,津波一時避難場所,-1,-1,0,1,0,0,0,0,3,,33.218102,132.565853,828
安米集会所,33.169987,132.476705,close,38203,安米集会所,愛媛県宇和島市三浦西986番地（安米）,収容施設,46,93,0,0,0,0,0,1,1,,33.169987,132.476705,829
庵寺（老人憩いの家）,33.10574522,132.5045849,,38203,庵寺（老人憩いの家）,愛媛県宇和島市,津波一時避難場所,-1,-1,0,1,0,0,0,0,3,,33.10574522,132.5045849,830
庵寺境内,33.20486025,132.3656643,,38203,庵寺境内,愛媛県宇和島市,津波一時避難場所,-1,-1,0,1,0,0,0,0,3,宇和島市の回答より,33.20486025,132.3656643,831
庵寺後方農道,33.14636401,132.4724685,,38203,庵寺後方農道,愛媛県宇和島市,津波一時避難場所,-1,-1,0,1,0,0,0,0,3,宇和島市の回答より,33.14636401,132.4724685,832
庵寺前の生活道、墓地,33.19425409,132.5100076,,38203,庵寺前の生活道、墓地,愛媛県宇和島市,津波一時避難場所,-1,-1,0,1,0,0,0,0,3,宇和島市の回答より,33.19425409,132.5100076,833
庵寺裏山,33.08563815,132.4765031,,38203,庵寺裏山,愛媛県宇和島市,津波一時避難場所,-1,-1,0,1,0,0,0,0,3,宇和島市の回答より,33.08563815,132.4765031,834
庵寺裏墓地,33.08667057,132.465142,,38203,庵寺裏墓地,愛媛県宇和島市,津波一時避難場所,-1,-1,0,1,0,0,0,0,3,宇和島市の回答より,33.08667057,132.465142,835
伊関美代子宅裏山,33.12476624,132.51359,,38203,伊関美代子宅裏山,愛媛県宇和島市,津波一時避難場所,-1,-1,0,1,0,0,0,0,3,宇和島市の回答より,33.12476624,132.51359,836
伊勢神社境内,33.215279,132.538582,,38203,伊勢神社境内,愛媛県宇和島市,津波一時避難場所,-1,-1,0,1,0,0,0,0,3,,33.215279,132.538582,837
伊藤正完宅裏山,33.12170312,132.4695569,,38203,伊藤正完宅裏山,愛媛県宇和島市,津波一時避難場所,-1,-1,0,1,0,0,0,0,3,宇和島市の回答より,33.12170312,132.4695569,838
一宮神社,33.196143,132.455249,,38203,一宮神社,愛媛県宇和島市,津波一時避難場所,-1,-1,0,1,0,0,0,0,3,,33.196143,132.455249,839
稲荷宮天満宮神社,33.06032305,132.4836988,,38203,稲荷宮天満宮神社,愛媛県宇和島市,津波一時避難場所,-1,-1,0,1,0,0,0,0,3,宇和島市の回答より,33.06032305,132.4836988,840
稲田少吉宅上農道,33.14025631,132.5287676,,38203,稲田少吉宅上農道,愛媛県宇和島市,津波一時避難場所,-1,-1,0,1,0,0,0,0,3,宇和島市の回答より,33.14025631,132.5287676,841
稲葉団地児童遊園地,33.24011505,132.5487338,,38203,稲葉団地児童遊園地,愛媛県宇和島市,津波一時避難場所,-1,-1,0,1,0,0,0,0,3,,33.24011505,132.5487338,842
宇和海中学校,33.170271,132.465004,,38203,宇和海中学校,愛媛県宇和島市下波2952番地1,一時避難場所,13298,13298,0,0,0,0,0,1,1,,33.170271,132.465004,843
宇和青果玉津共同選果場,33.31859135,132.5181942,,38203,宇和青果玉津共同選果場,愛媛県宇和島市吉田町法花津6-78-2,一時避難場所,820,-1,0,0,0,0,0,1,3,,33.31859135,132.5181942,844
宇和青果味楽共同選果場,33.29493174,132.5407077,,38203,宇和青果味楽共同選果場,愛媛県宇和島市吉田町立間2-2222,一時避難場所,8000,-1,0,0,0,0,0,1,3,,33.29493174,132.5407077,845
宇和津グリーンタウン前の広場,33.20681189,132.5690079,,38203,宇和津グリーンタウン前の広場,愛媛県宇和島市,津波一時避難場所,-1,-1,0,1,0,0,0,0,3,宇和島市の回答より,33.20681189,132.5690079,846
宇和津小学校,33.212019,132.568298,,38203,宇和津小学校,愛媛県宇和島市妙典寺前乙640番地,一時避難場所、津波一時避難場所,4600,4600,0,0,0,0,0,1,1,,33.212019,132.568298,847
宇和津彦神社境内,33.21514643,132.5731701,,38203,宇和津彦神社境内,愛媛県宇和島市,津波一時避難場所,-1,-1,0,1,0,0,0,0,3,,33.21514643,132.5731701,848
宇和島看護専門学校,33.235109,132.57304,,38203,宇和島看護専門学校,愛媛県宇和島市伊吹町594番地3,収容施設,1141,2282,0,0,0,0,0,1,3,,33.235109,132.57304,849
宇和島市勤労青少年ホーム,33.231159,132.572804,,38203,宇和島市勤労青少年ホーム,愛媛県宇和島市和霊東町3丁目1番1号,収容施設,336,673,0,0,0,0,0,1,3,,33.231159,132.572804,850
宇和島市国民健康保険遊子診療所,33.19346452,132.4550299,,38203,宇和島市国民健康保険遊子診療所,愛媛県宇和島市遊子3627番地,収容施設,232,465,0,0,0,0,0,1,3,,33.19346452,132.4550299,851
宇和島市番城福祉会館,33.20344076,132.554379,,38203,宇和島市番城福祉会館,愛媛県宇和島市寄松171番地2,収容施設,199,399,0,0,0,0,0,1,3,,33.20344076,132.554379,852
宇和島市保健センター,33.18199135,132.5477865,,38203,宇和島市保健センター,愛媛県宇和島市祝森甲811番地,収容施設,912,1824,0,0,0,0,0,1,3,,33.18199135,132.5477865,853
宇和島市役所,33.223212,132.560493,,38203,宇和島市役所,愛媛県宇和島市曙町1番地,一時避難場所,15231,10154,0,0,0,0,0,1,1,,33.223212,132.560493,854
宇和島市役所宇和海支所,33.191794,132.444753,,38203,宇和島市役所宇和海支所,愛媛県宇和島市下波1016番地,収容施設,265,530,0,0,0,0,0,1,3,,33.191794,132.444753,855
宇和島道路坂下津トンネル横,33.21646141,132.5505818,,38203,宇和島道路坂下津トンネル横,愛媛県宇和島市,津波一時避難場所,-1,-1,0,1,0,0,0,0,3,,33.21646141,132.5505818,856
宇和島南中等教育学校,33.215098,132.557259,,38203,宇和島南中等教育学校,愛媛県宇和島市文京町5番1号,収容施設,5847,11695,0,0,0,0,0,1,1,,33.215098,132.557259,857
浦知小学校,33.064376,132.489935,,38203,浦知小学校,愛媛県宇和島市津島町浦知380,収容施設、一時避難場所,3580,7195,0,0,0,0,0,1,1,,33.064376,132.489935,858
浦知小学校裏農道,33.06259822,132.4925732,,38203,浦知小学校裏農道,愛媛県宇和島市,津波一時避難場所,-1,-1,0,1,0,0,0,0,3,宇和島市の回答より,33.06259822,132.4925732,859
永楽寺及び共同墓地,33.05975935,132.4835859,,38203,永楽寺及び共同墓地,愛媛県宇和島市,津波一時避難場所,-1,-1,0,1,0,0,0,0,3,,33.05975935,132.4835859,860
円通寺,33.08354332,132.4723648,,38203,円通寺,愛媛県宇和島市,津波一時避難場所,-1,-1,0,1,0,0,0,0,3,,33.08354332,132.4723648,861
於泥集会所裏農道,33.104162,132.505899,,38203,於泥集会所裏農道,愛媛県宇和島市,津波一時避難場所,-1,-1,0,1,0,0,0,0,3,,33.104162,132.505899,862
奥浦神社,33.27466355,132.4856312,,38203,奥浦神社,愛媛県宇和島市,津波一時避難場所,-1,-1,0,1,0,0,0,0,3,,33.27466355,132.4856312,863
奥高串集会所,33.26992257,132.5717221,,38203,奥高串集会所,愛媛県宇和島市高串2番耕地1588番地（奥高串）,収容施設、津波一時避難場所,21,42,0,0,0,0,0,1,4,,33.26992257,132.5717221,864
奥高串神社,33.2708661,132.570226,,38203,奥高串神社,愛媛県宇和島市,津波一時避難場所,-1,-1,0,1,0,0,0,0,3,宇和島市の回答より,33.2708661,132.570226,865
奥南公民館,33.26982986,132.4915546,,38203,奥南公民館,愛媛県宇和島市吉田町奥浦甲1番地1,一時避難場所,295,-1,0,0,0,0,0,1,4,,33.26982986,132.4915546,866
奥南小学校,33.271948,132.488076,,38203,奥南小学校,愛媛県宇和島市吉田町奥浦甲65-1,収容施設、一時避難場所,6240,-1,0,0,0,0,0,1,1,,33.271948,132.488076,867
奥平さん駐車場（下２）,33.23977874,132.5546544,,38203,奥平さん駐車場（下２）,愛媛県宇和島市,津波一時避難場所,-1,-1,0,1,0,0,0,0,3,宇和島市の回答より,33.23977874,132.5546544,868
横田川沿いの農道,33.16552791,132.4567508,,38203,横田川沿いの農道,愛媛県宇和島市,津波一時避難場所,-1,-1,0,1,0,0,0,0,3,宇和島市の回答より,33.16552791,132.4567508,869
岡村孝行宅裏山（庵寺裏山）,33.13094352,132.5193835,,38203,岡村孝行宅裏山（庵寺裏山）,愛媛県宇和島市,津波一時避難場所,-1,-1,0,1,0,0,0,0,3,宇和島市の回答より,33.13094352,132.5193835,870
沖原アパート奥の砂防ダム,33.23689823,132.5565178,,38203,沖原アパート奥の砂防ダム,愛媛県宇和島市,津波一時避難場所,-1,-1,0,1,0,0,0,0,3,,33.23689823,132.5565178,871
音地集会所,33.3065576,132.6587018,,38203,音地集会所,愛媛県宇和島市三間町音地209番地,収容施設,-1,-1,0,0,0,0,0,1,4,,33.3065576,132.6587018,872
下高串集会所,33.245203,132.570356,,38203,下高串集会所,愛媛県宇和島市高串1番耕地565番地（下高串）,収容施設,18,36,0,0,0,0,0,1,4,,33.245203,132.570356,873
下高串集会所裏の墓地,33.24530984,132.5707333,,38203,下高串集会所裏の墓地,愛媛県宇和島市,津波一時避難場所,-1,-1,0,1,0,0,0,0,4,,33.24530984,132.5707333,874
下谷清宅裏みかん山,33.14053498,132.4839958,,38203,下谷清宅裏みかん山,愛媛県宇和島市,津波一時避難場所,-1,-1,0,1,0,0,0,0,3,宇和島市の回答より,33.14053498,132.4839958,875
下灘公民館,33.077969,132.487476,,38203,下灘公民館,愛媛県宇和島市津島町嵐586番地,収容施設、一時避難場所,1330,2707,0,0,0,0,0,1,1,,33.077969,132.487476,876
下灘小学校,33.085379,132.478412,,38203,下灘小学校,愛媛県宇和島市津島町鼡鳴135,収容施設、一時避難場所,6930,13898,0,0,0,0,0,1,1,,33.085379,132.478412,877
下波西集会所,33.16865961,132.4562536,,38203,下波西集会所,愛媛県宇和島市下波4361番地（西）,収容施設,33,66,0,0,0,0,0,1,4,,33.16865961,132.4562536,878
下波側県道,33.15565539,132.4336455,,38203,下波側県道,愛媛県宇和島市,津波一時避難場所,-1,-1,0,1,0,0,0,0,3,宇和島市の回答より,33.15565539,132.4336455,879
加地スマ子さん宅裏の農道,33.22198846,132.5458398,,38203,加地スマ子さん宅裏の農道,愛媛県宇和島市,津波一時避難場所,-1,-1,0,1,0,0,0,0,3,宇和島市の回答より,33.22198846,132.5458398,880
加茂神社,33.16709937,132.4798479,,38203,加茂神社,愛媛県宇和島市,津波一時避難場所,-1,-1,0,1,0,0,0,0,3,,33.16709937,132.4798479,881
嘉島小学校,33.224319,132.364288,,38203,嘉島小学校,愛媛県宇和島市戸島4110番地,一時避難場所,1473,1473,0,0,0,0,0,1,1,,33.224319,132.364288,882
夏秋農道（オワチマン）,33.17561929,132.513677,,38203,夏秋農道（オワチマン）,愛媛県宇和島市,津波一時避難場所,-1,-1,0,1,0,0,0,0,3,宇和島市の回答より,33.17561929,132.513677,883
家藤集会所,33.255385,132.572445,,38203,家藤集会所,愛媛県宇和島市高串2番耕地259番地1（家藤）,収容施設,-1,-1,0,0,0,0,0,1,1,,33.255385,132.572445,884
河内中集会所,33.290472,132.506132,,38203,河内中集会所,愛媛県宇和島市吉田町河内甲579番地,一時避難場所,100,-1,0,0,0,0,0,1,1,,33.290472,132.506132,885
河内中住民レク広場,33.28864711,132.5034456,,38203,河内中住民レク広場,愛媛県宇和島市吉田町河内甲564,一時避難場所,2400,-1,0,0,0,0,0,1,3,宇和島市の回答より,33.28864711,132.5034456,886
河野さん宅裏の竹やぶ,33.28023553,132.5370041,,38203,河野さん宅裏の竹やぶ,愛媛県宇和島市,津波一時避難場所,-1,-1,0,1,0,0,0,0,3,宇和島市の回答より,33.28023553,132.5370041,887
河野悦徳宅裏墓地,33.12341709,132.5600069,,38203,河野悦徳宅裏墓地,愛媛県宇和島市,津波一時避難場所,-1,-1,0,1,0,0,0,0,3,宇和島市の回答より,33.12341709,132.5600069,888
河野正義宅裏山（お宮裏山）,33.11789673,132.468754,,38203,河野正義宅裏山（お宮裏山）,愛媛県宇和島市,津波一時避難場所,-1,-1,0,1,0,0,0,0,3,宇和島市の回答より,33.11789673,132.468754,889
河野展治宅裏山,33.12715483,132.5455017,,38203,河野展治宅裏山,愛媛県宇和島市,津波一時避難場所,-1,-1,0,1,0,0,0,0,3,宇和島市の回答より,33.12715483,132.5455017,890
賀茂神社,33.319966,132.434317,,38203,賀茂神社,愛媛県宇和島市,津波一時避難場所,-1,-1,0,1,0,0,0,0,3,,33.319966,132.434317,891
海円寺境内の上,33.171966,132.291631,,38203,海円寺境内の上,愛媛県宇和島市,津波一時避難場所,-1,-1,0,1,0,0,0,0,3,,33.171966,132.291631,892
海光寺（墓地）裏山,33.0886636,132.4674594,,38203,海光寺（墓地）裏山,愛媛県宇和島市,津波一時避難場所,-1,-1,0,1,0,0,0,0,3,宇和島市の回答より,33.0886636,132.4674594,893
海蔵寺,33.27149748,132.5440549,,38203,海蔵寺,愛媛県宇和島市,津波一時避難場所,-1,-1,0,1,0,0,0,0,3,,33.27149748,132.5440549,894
笠岡徳男さん宅上の墓地,33.15173736,132.305008,,38203,笠岡徳男さん宅上の墓地,愛媛県宇和島市,津波一時避難場所,-1,-1,0,1,0,0,0,0,3,宇和島市の回答より,33.15173736,132.305008,895
甘崎集会所,33.191658,132.456407,,38203,甘崎集会所,愛媛県宇和島市遊子4048番地（甘崎）,収容施設,-1,-1,0,0,0,0,0,1,1,,33.191658,132.456407,896
甘崎墓地,33.19352552,132.4541594,,38203,甘崎墓地,愛媛県宇和島市,津波一時避難場所,-1,-1,0,1,0,0,0,0,3,宇和島市の回答より,33.19352552,132.4541594,897
観音寺,33.22871563,132.3626306,,38203,観音寺,愛媛県宇和島市,津波一時避難場所,-1,-1,0,1,0,0,0,0,3,,33.22871563,132.3626306,898
観音寺,33.21517992,132.5160615,,38203,観音寺,愛媛県宇和島市,津波一時避難場所,-1,-1,0,1,0,0,0,0,3,,33.21517992,132.5160615,899
観音寺,33.09823456,132.5082943,,38203,観音寺,愛媛県宇和島市,津波一時避難場所,-1,-1,0,1,0,0,0,0,3,,33.09823456,132.5082943,900
間久保池付近道路,33.12649375,132.5531455,,38203,間久保池付近道路,愛媛県宇和島市,津波一時避難場所,-1,-1,0,1,0,0,0,0,3,宇和島市の回答より,33.12649375,132.5531455,901
丸山球場前駐車場,33.2274168,132.5771692,,38203,丸山球場前駐車場,愛媛県宇和島市,津波一時避難場所,-1,-1,0,1,0,0,0,0,3,,33.2274168,132.5771692,902
丸山公園,33.22912052,132.576374,,38203,丸山公園,愛媛県宇和島市和霊町555番地1,一時避難場所,37000,37000,0,0,0,0,0,1,1,,33.22912052,132.576374,903
丸山公園ピアノタウン団地,33.22621992,132.5748792,,38203,丸山公園ピアノタウン団地,愛媛県宇和島市,津波一時避難場所,-1,-1,0,1,0,0,0,0,3,宇和島市の回答より,33.22621992,132.5748792,904
丸山公園運動広場,33.2287663,132.5749173,,38203,丸山公園運動広場,愛媛県宇和島市,津波一時避難場所,-1,-1,0,1,0,0,0,0,3,,33.2287663,132.5749173,905
岩松小学校,33.125177,132.520351,,38203,岩松小学校,愛媛県宇和島市津島町岩松甲503,収容施設、一時避難場所,11030,22084,0,0,0,0,0,1,1,,33.125177,132.520351,907
岩城裕三宅裏山,33.12721696,132.5483243,,38203,岩城裕三宅裏山,愛媛県宇和島市,津波一時避難場所,-1,-1,0,1,0,0,0,0,3,宇和島市の回答より,33.12721696,132.5483243,908
喜佐方公民館,33.29231573,132.5204136,,38203,喜佐方公民館,愛媛県宇和島市吉田町河内甲72番地1,一時避難場所,360,-1,0,0,0,0,0,1,4,,33.29231573,132.5204136,909
喜佐方小学校,33.292476,132.521617,,38203,喜佐方小学校,愛媛県宇和島市吉田町沖村甲2325-1,収容施設、一時避難場所,4120,-1,0,0,0,0,0,1,1,,33.292476,132.521617,910
喜佐方隧道西側市道（喜佐方側）,33.29110851,132.5361546,,38203,喜佐方隧道西側市道（喜佐方側）,愛媛県宇和島市,津波一時避難場所,-1,-1,0,1,0,0,0,0,3,,33.29110851,132.5361546,911
喜路集会所,33.151856,132.305429,,38203,喜路集会所,愛媛県宇和島市日振島3139番地（喜路）,収容施設,62,125,0,0,0,0,0,1,1,,33.151856,132.305429,912
寄松ふれあい広場,33.20203273,132.5480505,,38203,寄松ふれあい広場,愛媛県宇和島市,津波一時避難場所,-1,-1,0,1,0,0,0,0,3,,33.20203273,132.5480505,913
菊地荘奥の道路周辺,33.22480578,132.5778523,,38203,菊地荘奥の道路周辺,愛媛県宇和島市,津波一時避難場所,-1,-1,0,1,0,0,0,0,3,宇和島市の回答より,33.22480578,132.5778523,914
吉田公園（ふれあいの森頂上）,33.28407195,132.5326935,,38203,吉田公園（ふれあいの森頂上）,愛媛県宇和島市,津波一時避難場所,-1,-1,0,1,0,0,0,0,1,,33.28407195,132.5326935,915
吉田公園自由広場,33.28514168,132.5335459,,38203,吉田公園自由広場,愛媛県宇和島市吉田町鶴間新,一時避難場所,5240,-1,0,0,0,0,0,1,3,,33.28514168,132.5335459,916
吉田公民館,33.279456,132.539106,,38203,吉田公民館,愛媛県宇和島市吉田町西小路7番地,収容施設,1925,-1,0,0,0,0,0,1,1,,33.279456,132.539106,917
吉田高校,33.285056,132.540952,,38203,吉田高校,愛媛県宇和島市吉田町北小路甲10,収容施設、津波一時避難場所、一時避難場所,10385,-1,0,0,0,0,0,1,1,,33.285056,132.540952,918
吉田斎場,33.281772,132.54217,,38203,吉田斎場,愛媛県宇和島市吉田町東小路乙5番地,津波一時避難場所,-1,-1,0,1,0,0,0,0,1,,33.281772,132.54217,919
吉田児童公園,33.28000794,132.5394203,,38203,吉田児童公園,愛媛県宇和島市西小路7,一時避難場所,1960,-1,0,0,0,0,0,1,1,,33.28000794,132.5394203,920
吉田中学校（校舎）,33.287008,132.534312,,38203,吉田中学校（校舎）,愛媛県宇和島市吉田町鶴間新200,津波一時避難場所,-1,-1,0,1,0,0,0,0,1,,33.287008,132.534312,921
吉田中学校前国道３７８号沿い高台,33.28686892,132.5370453,,38203,吉田中学校前国道３７８号沿い高台,愛媛県宇和島市,津波一時避難場所,-1,-1,0,1,0,0,0,0,3,,33.28686892,132.5370453,922
久保組集会所,33.297893,132.6261489,,38203,久保組集会所,愛媛県宇和島市三間町波岡599番地,収容施設,-1,-1,0,0,0,0,0,1,3,,33.297893,132.6261489,923
宮の浦集会所,33.31918447,132.5136461,,38203,宮の浦集会所,愛媛県宇和島市吉田町法花津1-8-1,一時避難場所,78,-1,0,0,0,0,0,1,3,,33.31918447,132.5136461,924
宮下ふれあい広場,33.20427445,132.5427987,,38203,宮下ふれあい広場,愛媛県宇和島市宮下乙605番地,一時避難場所、津波一時避難場所,13891,13891,0,0,0,0,0,1,3,,33.20427445,132.5427987,925
宮家享宅庭,33.13606162,132.528402,,38203,宮家享宅庭,愛媛県宇和島市,津波一時避難場所,-1,-1,0,1,0,0,0,0,3,宇和島市の回答より,33.13606162,132.528402,926
宮本博充さん宅前の空地,33.23849595,132.5747408,,38203,宮本博充さん宅前の空地,愛媛県宇和島市,津波一時避難場所,-1,-1,0,1,0,0,0,0,3,宇和島市の回答より,33.23849595,132.5747408,927
宮野下村集会所,33.291509,132.610188,,38203,宮野下村集会所,愛媛県宇和島市三間町宮野下979番地,収容施設,-1,-1,0,0,0,0,0,1,1,,33.291509,132.610188,928
旧県道の辰野トンネル周辺,33.17157524,132.4695302,,38203,旧県道の辰野トンネル周辺,愛媛県宇和島市,津波一時避難場所,-1,-1,0,1,0,0,0,0,3,,33.17157524,132.4695302,929
旧県道宇和島・下波・三浦線（豊浦）,33.17202009,132.4990123,,38203,旧県道宇和島・下波・三浦線（豊浦）,愛媛県宇和島市,津波一時避難場所,-1,-1,0,1,0,0,0,0,3,宇和島市の回答より,33.17202009,132.4990123,930
旧国道,33.05197901,132.4861407,,38203,旧国道,愛媛県宇和島市,津波一時避難場所,-1,-1,0,1,0,0,0,0,3,宇和島市の回答より,33.05197901,132.4861407,931
旧水源地跡,33.19986926,132.4016255,,38203,旧水源地跡,愛媛県宇和島市,津波一時避難場所,-1,-1,0,1,0,0,0,0,3,宇和島市の回答より,33.19986926,132.4016255,932
旧闘牛場,33.12210671,132.51554,,38203,旧闘牛場,愛媛県宇和島市,津波一時避難場所,-1,-1,0,1,0,0,0,0,3,宇和島市の回答より,33.12210671,132.51554,933
旧和霊土俵,33.23086037,132.5646838,,38203,旧和霊土俵,愛媛県宇和島市,津波一時避難場所,-1,-1,0,1,0,0,0,0,3,宇和島市の回答より,33.23086037,132.5646838,934
漁家隧道車庫裏山,33.05840727,132.4449731,,38203,漁家隧道車庫裏山,愛媛県宇和島市,津波一時避難場所,-1,-1,0,1,0,0,0,0,3,宇和島市の回答より,33.05840727,132.4449731,935
魚貝藻霊供養塔,33.20101888,132.4580949,,38203,魚貝藻霊供養塔,愛媛県宇和島市,津波一時避難場所,-1,-1,0,1,0,0,0,0,3,宇和島市の回答より,33.20101888,132.4580949,936
魚棚児童公園,33.275758,132.541316,,38203,魚棚児童公園,愛媛県宇和島市吉田町魚棚35-1,一時避難場所,610,-1,0,0,0,0,0,1,3,,33.275758,132.541316,937
魚泊集会所,33.19943472,132.4571592,,38203,魚泊集会所,愛媛県宇和島市遊子2927番地（魚泊）,収容施設,49,99,0,0,0,0,0,1,1,,33.19943472,132.4571592,938
共同墓地,33.08452397,132.4758342,,38203,共同墓地,愛媛県宇和島市,津波一時避難場所,-1,-1,0,1,0,0,0,0,3,宇和島市の回答より,33.08452397,132.4758342,939
共同墓地裏山,33.09863958,132.4833336,,38203,共同墓地裏山,愛媛県宇和島市,津波一時避難場所,-1,-1,0,1,0,0,0,0,3,宇和島市の回答より,33.09863958,132.4833336,940
興徳庵裏山,33.06855097,132.4852838,,38203,興徳庵裏山,愛媛県宇和島市,津波一時避難場所,-1,-1,0,1,0,0,0,0,3,宇和島市の回答より,33.06855097,132.4852838,941
曲烏集会所裏共同墓地,33.060382,132.466002,,38203,曲烏集会所裏共同墓地,愛媛県宇和島市,津波一時避難場所,-1,-1,0,1,0,0,0,0,3,,33.060382,132.466002,942
玉川久宅裏山,33.14436034,132.4751763,,38203,玉川久宅裏山,愛媛県宇和島市,津波一時避難場所,-1,-1,0,1,0,0,0,0,3,宇和島市の回答より,33.14436034,132.4751763,943
玉川工務店前の国道,33.239078,132.589459,,38203,玉川工務店前の国道,愛媛県宇和島市,津波一時避難場所,-1,-1,0,1,0,0,0,0,3,,33.239078,132.589459,944
玉津公民館,33.318009,132.520271,,38203,玉津公民館,愛媛県宇和島市吉田町法花津7番耕地360番地1,一時避難場所,350,-1,0,0,0,0,0,1,1,,33.318009,132.520271,945
玉津小学校,33.318905,132.520201,,38203,玉津小学校,愛媛県宇和島市吉田町法花津7-333,収容施設,500,-1,0,0,0,0,0,1,1,,33.318905,132.520201,946
勤労者体育センター,33.1196298,132.5170309,,38203,勤労者体育センター,愛媛県宇和島市津島町高田丙227-9,収容施設,750,1504,0,0,0,0,0,1,3,,33.1196298,132.5170309,947
金剛山大隆寺境内,33.215425,132.5763,,38203,金剛山大隆寺境内,愛媛県宇和島市,津波一時避難場所,-1,-1,0,1,0,0,0,0,3,,33.215425,132.5763,948
金勢神社裏山,33.20749,132.559541,,38203,金勢神社裏山,愛媛県宇和島市,津波一時避難場所,-1,-1,0,1,0,0,0,0,3,,33.20749,132.559541,949
金銅集会所,33.29364165,132.6334922,,38203,金銅集会所,愛媛県宇和島市三間町金銅296番地,収容施設,-1,-1,0,0,0,0,0,1,4,,33.29364165,132.6334922,950
金比羅宮付近,33.10859979,132.4153034,,38203,金比羅宮付近,愛媛県宇和島市,津波一時避難場所,-1,-1,0,1,0,0,0,0,3,宇和島市の回答より,33.10859979,132.4153034,951
金峰神社裏山,33.122372,132.552133,,38203,金峰神社裏山,愛媛県宇和島市,津波一時避難場所,-1,-1,0,1,0,0,0,0,3,,33.122372,132.552133,952
九島周回道路（１区）,33.22687848,132.5304542,,38203,九島周回道路（１区）,愛媛県宇和島市,津波一時避難場所,-1,-1,0,1,0,0,0,0,3,宇和島市の回答より,33.22687848,132.5304542,953
九島周回道路（蛤２区）,33.22662381,132.5271742,,38203,九島周回道路（蛤２区）,愛媛県宇和島市,津波一時避難場所,-1,-1,0,1,0,0,0,0,3,宇和島市の回答より,33.22662381,132.5271742,954
九島小学校,33.22341462,132.5252749,,38203,九島小学校,愛媛県宇和島市百之浦1262番地6,一時避難場所,4632,4632,0,0,0,0,0,1,4,,33.22341462,132.5252749,955
栗本アパート裏山,33.11992912,132.5226145,,38203,栗本アパート裏山,愛媛県宇和島市,津波一時避難場所,-1,-1,0,1,0,0,0,0,3,,33.11992912,132.5226145,956
君ケ浦公園,33.26795938,132.5429924,,38203,君ケ浦公園,愛媛県宇和島市吉田町立間尻,一時避難場所,840,-1,0,0,0,0,0,1,1,,33.26795938,132.5429924,957
君ヶ浦児童公園,33.26762843,132.5432078,,38203,君ヶ浦児童公園,愛媛県宇和島市,津波一時避難場所,-1,-1,0,1,0,0,0,0,3,,33.26762843,132.5432078,958
畦屋・小谷農道,33.30714175,132.5308684,,38203,畦屋・小谷農道,愛媛県宇和島市,津波一時避難場所,-1,-1,0,1,0,0,0,0,3,宇和島市の回答より,33.30714175,132.5308684,959
結出小学校,33.167244,132.457394,,38203,結出小学校,愛媛県宇和島市下波3731、3739、3740番地,一時避難場所,3118,3118,0,0,0,0,0,1,1,,33.167244,132.457394,960
健雄神社,33.31358971,132.5026062,,38203,健雄神社,愛媛県宇和島市,津波一時避難場所,-1,-1,0,1,0,0,0,0,3,,33.31358971,132.5026062,961
兼近集会所,33.27960952,132.6494711,,38203,兼近集会所,愛媛県宇和島市三間町兼近697番地2,収容施設,-1,-1,0,0,0,0,0,1,4,,33.27960952,132.6494711,962
県道（曲烏と盆ヶ浦の間）,33.06120113,132.4688628,,38203,県道（曲烏と盆ヶ浦の間）,愛媛県宇和島市,津波一時避難場所,-1,-1,0,1,0,0,0,0,3,宇和島市の回答より,33.06120113,132.4688628,963
県道（平井方面）,33.062351,132.4637493,,38203,県道（平井方面）,愛媛県宇和島市,津波一時避難場所,-1,-1,0,1,0,0,0,0,3,宇和島市の回答より,33.062351,132.4637493,964
県道宇和島・下波・三浦線（安米）,33.16972431,132.4752467,,38203,県道宇和島・下波・三浦線（安米）,愛媛県宇和島市,津波一時避難場所,-1,-1,0,1,0,0,0,0,3,宇和島市の回答より,33.16972431,132.4752467,965
県道宇和島・下波・三浦線（船隠）,33.1877162,132.5133508,,38203,県道宇和島・下波・三浦線（船隠）,愛媛県宇和島市,津波一時避難場所,-1,-1,0,1,0,0,0,0,3,宇和島市の回答より,33.1877162,132.5133508,966
県道奥浦白浦線（墓地付近）,33.27419008,132.4886172,,38203,県道奥浦白浦線（墓地付近）,愛媛県宇和島市,津波一時避難場所,-1,-1,0,1,0,0,0,0,3,宇和島市の回答より,33.27419008,132.4886172,967
県道柿之浦・下波線,33.18783657,132.449396,,38203,県道柿之浦・下波線,愛媛県宇和島市,津波一時避難場所,-1,-1,0,1,0,0,0,0,3,宇和島市の回答より,33.18783657,132.449396,968
県道喜路・能登線,33.17672235,132.2708773,,38203,県道喜路・能登線,愛媛県宇和島市,津波一時避難場所,-1,-1,0,1,0,0,0,0,3,宇和島市の回答より,33.17672235,132.2708773,969
県道吉田宇和島線と市道知永海岸線の三叉路付近,33.26008543,132.5416287,,38203,県道吉田宇和島線と市道知永海岸線の三叉路付近,愛媛県宇和島市,津波一時避難場所,-1,-1,0,1,0,0,0,0,3,宇和島市の回答より,33.26008543,132.5416287,970
県道玉津港線（小名隧道付近）,33.30882894,132.5330664,,38203,県道玉津港線（小名隧道付近）,愛媛県宇和島市,津波一時避難場所,-1,-1,0,1,0,0,0,0,3,宇和島市の回答より,33.30882894,132.5330664,971
県道蒋渕・下波線（魚泊）,33.19897912,132.4558035,,38203,県道蒋渕・下波線（魚泊）,愛媛県宇和島市,津波一時避難場所,-1,-1,0,1,0,0,0,0,3,宇和島市の回答より,33.19897912,132.4558035,972
県道蒋渕・下波線（水ヶ浦）,33.20076498,132.4574528,,38203,県道蒋渕・下波線（水ヶ浦）,愛媛県宇和島市,津波一時避難場所,-1,-1,0,1,0,0,0,0,3,宇和島市の回答より,33.20076498,132.4574528,973
県道船間・伊予吉田停車場線（奥南橋船間側付近）,33.27423348,132.4777352,,38203,県道船間・伊予吉田停車場線（奥南橋船間側付近）,愛媛県宇和島市,津波一時避難場所,-1,-1,0,1,0,0,0,0,3,宇和島市の回答より,33.27423348,132.4777352,974
県道大浦・柿之浦間,33.05957188,132.4739151,,38203,県道大浦・柿之浦間,愛媛県宇和島市,津波一時避難場所,-1,-1,0,1,0,0,0,0,3,宇和島市の回答より,33.05957188,132.4739151,975
県道白浦・奥浦・伊予吉田停車場線の掘切付近,33.2976606,132.5041406,,38203,県道白浦・奥浦・伊予吉田停車場線の掘切付近,愛媛県宇和島市,津波一時避難場所,-1,-1,0,1,0,0,0,0,3,宇和島市の回答より,33.2976606,132.5041406,976
県道美砂子・郡線,33.21218668,132.3716881,,38203,県道美砂子・郡線,愛媛県宇和島市,津波一時避難場所,-1,-1,0,1,0,0,0,0,3,宇和島市の回答より,33.21218668,132.3716881,977
県立宇和島水産高等学校,33.219134,132.555257,,38203,県立宇和島水産高等学校,愛媛県宇和島市明倫町1丁目2番20号,収容施設,4368,8736,0,0,0,0,0,1,1,,33.219134,132.555257,978
県立宇和島東高等学校,33.216935,132.561743,,38203,県立宇和島東高等学校,愛媛県宇和島市文京町1番1号,収容施設,6909,13818,0,0,0,0,0,1,1,,33.216935,132.561743,979
県立三間高等学校,33.290786,132.602127,,38203,県立三間高等学校,愛媛県宇和島市三間町大字戸雁764-3,収容施設、一時避難場所,-1,-1,0,0,0,0,0,1,1,,33.290786,132.602127,980
見性寺,33.10608841,132.5440588,,38203,見性寺,愛媛県宇和島市,津波一時避難場所,-1,-1,0,1,0,0,0,0,3,,33.10608841,132.5440588,981
元ＮＴＴ寮駐車場,33.21729167,132.5777477,,38203,元ＮＴＴ寮駐車場,愛媛県宇和島市,津波一時避難場所,-1,-1,0,1,0,0,0,0,3,宇和島市の回答より,33.21729167,132.5777477,982
元井ノ川奥市道,33.11162396,132.5377578,,38203,元井ノ川奥市道,愛媛県宇和島市,津波一時避難場所,-1,-1,0,1,0,0,0,0,3,宇和島市の回答より,33.11162396,132.5377578,983
元宗集会所,33.290986,132.620654,,38203,元宗集会所,愛媛県宇和島市三間町元宗317番地,収容施設,-1,-1,0,0,0,0,0,1,1,,33.290986,132.620654,984
古城山,33.21164503,132.5552092,,38203,古城山,愛媛県宇和島市,津波一時避難場所,-1,-1,0,1,0,0,0,0,3,宇和島市の回答より,33.21164503,132.5552092,985
古藤田公民館,33.28826272,132.6424923,,38203,古藤田公民館,愛媛県宇和島市三間町古藤田,収容施設,-1,-1,0,0,0,0,0,1,3,,33.28826272,132.6424923,986
戸雁集会所,33.293265,132.599867,,38203,戸雁集会所,愛媛県宇和島市三間町戸雁292番地,収容施設,-1,-1,0,0,0,0,0,1,1,,33.293265,132.599867,987
戸島小学校,33.202738,132.360651,,38203,戸島小学校,愛媛県宇和島市戸島2335番地,一時避難場所,4525,4525,0,0,0,0,0,1,1,,33.202738,132.360651,988
戸島小裏の市道,33.20220711,132.3591301,,38203,戸島小裏の市道,愛媛県宇和島市,津波一時避難場所,-1,-1,0,1,0,0,0,0,3,宇和島市の回答より,33.20220711,132.3591301,989
後峠,33.0620752,132.407523,,38203,後峠,愛媛県宇和島市,津波一時避難場所,-1,-1,0,1,0,0,0,0,3,宇和島市の回答より,33.0620752,132.407523,990
御槙休養村管理センター,33.098698,132.626478,,38203,御槙休養村管理センター,愛媛県宇和島市津島町御内1-545,収容施設,370,750,0,0,0,0,0,1,3,,33.098698,132.626478,991
御槙小学校,33.096451,132.63411,,38203,御槙小学校,愛媛県宇和島市津島町槙川2-178-37,収容施設、一時避難場所,3210,6433,0,0,0,0,0,1,1,,33.096451,132.63411,992
護国神社境内,33.21888754,132.5635501,,38203,護国神社境内,愛媛県宇和島市,津波一時避難場所,-1,-1,0,1,0,0,0,0,3,,33.21888754,132.5635501,993
光照寺境内,33.197178,132.4053895,,38203,光照寺境内,愛媛県宇和島市,津波一時避難場所,-1,-1,0,1,0,0,0,0,3,,33.197178,132.4053895,994
光明寺裏山,33.17921051,132.4965405,,38203,光明寺裏山,愛媛県宇和島市,津波一時避難場所,-1,-1,0,1,0,0,0,0,3,,33.17921051,132.4965405,995
口羽医院裏山,33.12312062,132.5169585,,38203,口羽医院裏山,愛媛県宇和島市,津波一時避難場所,-1,-1,0,1,0,0,0,0,3,,33.12312062,132.5169585,996
弘誓庵跡地,33.1949892,132.4540368,,38203,弘誓庵跡地,愛媛県宇和島市,津波一時避難場所,-1,-1,0,1,0,0,0,0,3,宇和島市の回答より,33.1949892,132.4540368,997
江の組集会所,33.25450189,132.576469,,38203,江の組集会所,愛媛県宇和島市光満甲12番地3,収容施設,28,56,0,0,0,0,0,1,3,,33.25450189,132.576469,998
江の組集会所周辺,33.254564,132.576368,,38203,江の組集会所周辺,愛媛県宇和島市,津波一時避難場所,-1,-1,0,1,0,0,0,0,3,,33.254564,132.576368,999
荒瀬護宅上農道みかん山,33.14089163,132.4871275,,38203,荒瀬護宅上農道みかん山,愛媛県宇和島市,津波一時避難場所,-1,-1,0,1,0,0,0,0,3,宇和島市の回答より,33.14089163,132.4871275,1000
行谷奥市道（山本俊幸宅前）,33.14127697,132.504876,,38203,行谷奥市道（山本俊幸宅前）,愛媛県宇和島市,津波一時避難場所,-1,-1,0,1,0,0,0,0,3,宇和島市の回答より,33.14127697,132.504876,1001
高串郵政宿舎,33.24583654,132.5737614,,38203,高串郵政宿舎,愛媛県宇和島市,津波一時避難場所,-1,-1,0,1,0,0,0,0,3,,33.24583654,132.5737614,1002
高光小学校,33.254681,132.57227,,38203,高光小学校,愛媛県宇和島市高串2番耕地121番地1,一時避難場所、津波一時避難場所,4413,4413,0,0,0,0,0,1,1,,33.254681,132.57227,1003
高山石材店作業所付近,33.277386,132.541981,,38203,高山石材店作業所付近,愛媛県宇和島市,津波一時避難場所,-1,-1,0,1,0,0,0,0,3,,33.277386,132.541981,1004
高助集会所,33.200017,132.403107,,38203,高助集会所,愛媛県宇和島市蒋淵763番地（高助）,収容施設,34,69,0,0,0,0,0,1,1,,33.200017,132.403107,1005
高台（揚水ポンプ）,33.16868179,132.5141269,,38203,高台（揚水ポンプ）,愛媛県宇和島市,津波一時避難場所,-1,-1,0,1,0,0,0,0,3,宇和島市の回答より,33.16868179,132.5141269,1006
高齢者コミュニティーセンター,33.28723455,132.6424418,,38203,高齢者コミュニティーセンター,愛媛県宇和島市三間町古藤田,収容施設,-1,-1,0,0,0,0,0,1,3,,33.28723455,132.6424418,1007
告森集会所,33.29518383,132.6630753,,38203,告森集会所,愛媛県宇和島市三間町音地975番地,収容施設,-1,-1,0,0,0,0,0,1,4,,33.29518383,132.6630753,1008
国道３７８号カーブ（モノラックレール沿い）,33.28506043,132.5359061,,38203,国道３７８号カーブ（モノラックレール沿い）,愛媛県宇和島市,津波一時避難場所,-1,-1,0,1,0,0,0,0,3,宇和島市の回答より,33.28506043,132.5359061,1009
国道３７８号線（三ツ尾カーブ付近）,33.30175854,132.5239676,,38203,国道３７８号線（三ツ尾カーブ付近）,愛媛県宇和島市,津波一時避難場所,-1,-1,0,1,0,0,0,0,3,宇和島市の回答より,33.30175854,132.5239676,1010
国道３７８号線（白浦お大日様付近）,33.31215498,132.5275236,,38203,国道３７８号線（白浦お大日様付近）,愛媛県宇和島市,津波一時避難場所,-1,-1,0,1,0,0,0,0,3,宇和島市の回答より,33.31215498,132.5275236,1011
黒井地教育集会所,33.30426459,132.6031471,,38203,黒井地教育集会所,愛媛県宇和島市三間町黒井地94番地1,収容施設,-1,-1,0,0,0,0,0,1,3,,33.30426459,132.6031471,1012
黒井地公民館,33.30836503,132.6025208,,38203,黒井地公民館,愛媛県宇和島市三間町黒井地1767番地,収容施設,-1,-1,0,0,0,0,0,1,3,宇和島市の回答より,33.30836503,132.6025208,1013
黒井地集会所,33.30418825,132.6049362,,38203,黒井地集会所,愛媛県宇和島市三間町黒井地2366番地,収容施設,-1,-1,0,0,0,0,0,1,4,,33.30418825,132.6049362,1014
黒河淑さん宅裏の農道,33.22412826,132.5438102,,38203,黒河淑さん宅裏の農道,愛媛県宇和島市,津波一時避難場所,-1,-1,0,1,0,0,0,0,3,宇和島市の回答より,33.22412826,132.5438102,1015
黒川集会所,33.29384157,132.6588892,,38203,黒川集会所,愛媛県宇和島市三間町黒川72番地,収容施設,-1,-1,0,0,0,0,0,1,4,,33.29384157,132.6588892,1016
佐々木進宅裏山,33.1241686,132.5189348,,38203,佐々木進宅裏山,愛媛県宇和島市,津波一時避難場所,-1,-1,0,1,0,0,0,0,3,宇和島市の回答より,33.1241686,132.5189348,1017
佐川さん宅裏山,33.27993103,132.536805,,38203,佐川さん宅裏山,愛媛県宇和島市,津波一時避難場所,-1,-1,0,1,0,0,0,0,3,宇和島市の回答より,33.27993103,132.536805,1018
砂防ダム横林道,33.11533634,132.5027055,,38203,砂防ダム横林道,愛媛県宇和島市,津波一時避難場所,-1,-1,0,1,0,0,0,0,3,宇和島市の回答より,33.11533634,132.5027055,1019
砂防ダム上貯水タンク付近,33.10693238,132.4143059,,38203,砂防ダム上貯水タンク付近,愛媛県宇和島市,津波一時避難場所,-1,-1,0,1,0,0,0,0,3,宇和島市の回答より,33.10693238,132.4143059,1020
坂本菊行宅裏山,33.14208721,132.4752359,,38203,坂本菊行宅裏山,愛媛県宇和島市,津波一時避難場所,-1,-1,0,1,0,0,0,0,3,宇和島市の回答より,33.14208721,132.4752359,1021
坂本豊晴宅裏山墓地,33.06353248,132.4258263,,38203,坂本豊晴宅裏山墓地,愛媛県宇和島市,津波一時避難場所,-1,-1,0,1,0,0,0,0,3,宇和島市の回答より,33.06353248,132.4258263,1022
坂本満雄宅裏山,33.11159931,132.5206301,,38203,坂本満雄宅裏山,愛媛県宇和島市,津波一時避難場所,-1,-1,0,1,0,0,0,0,3,宇和島市の回答より,33.11159931,132.5206301,1023
榊原喜助宅裏山,33.14236041,132.4731959,,38203,榊原喜助宅裏山,愛媛県宇和島市,津波一時避難場所,-1,-1,0,1,0,0,0,0,3,宇和島市の回答より,33.14236041,132.4731959,1024
桜木団地遊園地,33.25895199,132.5792009,,38203,桜木団地遊園地,愛媛県宇和島市,津波一時避難場所,-1,-1,0,1,0,0,0,0,3,宇和島市の回答より,33.25895199,132.5792009,1025
三浦岩雄さん宅上の農道,33.21333881,132.5366654,,38203,三浦岩雄さん宅上の農道,愛媛県宇和島市,津波一時避難場所,-1,-1,0,1,0,0,0,0,3,宇和島市の回答より,33.21333881,132.5366654,1026
三浦守さん宅上給水タンク横,33.20035488,132.3939892,,38203,三浦守さん宅上給水タンク横,愛媛県宇和島市,津波一時避難場所,-1,-1,0,1,0,0,0,0,3,宇和島市の回答より,33.20035488,132.3939892,1027
三浦小学校,33.169467,132.505972,,38203,三浦小学校,愛媛県宇和島市三浦西新23番地1,一時避難場所,3917,3917,0,0,0,0,0,1,1,,33.169467,132.505972,1028
三浦小学校裏の砂防ダム,33.16866862,132.5067717,,38203,三浦小学校裏の砂防ダム,愛媛県宇和島市,津波一時避難場所,-1,-1,0,1,0,0,0,0,3,宇和島市の回答より,33.16866862,132.5067717,1029
三浦西あんずの里,33.165378,132.48413,,38203,三浦西あんずの里,愛媛県宇和島市三浦西1709番地17,収容施設,385,770,0,0,0,0,0,1,3,,33.165378,132.48413,1030
三浦天満神社境内,33.17154007,132.5197882,,38203,三浦天満神社境内,愛媛県宇和島市,津波一時避難場所,-1,-1,0,1,0,0,0,0,3,,33.17154007,132.5197882,1031
三間中間集会所,33.28477584,132.6661934,,38203,三間中間集会所,愛媛県宇和島市三間町三間中間474番地1,収容施設,-1,-1,0,0,0,0,0,1,4,,33.28477584,132.6661934,1032
三間町ふれあい交流館,33.28722036,132.6061411,,38203,三間町ふれあい交流館,愛媛県宇和島市迫目128番地,収容施設,-1,-1,0,0,0,0,0,1,3,,33.28722036,132.6061411,1033
三間町運動公園,33.30924593,132.5969371,,38203,三間町運動公園,愛媛県宇和島市三間町黒井地1542番地,一時避難場所,-1,-1,0,0,0,0,0,1,1,,33.30924593,132.5969371,1034
三間町中央公民館,33.291008,132.607921,,38203,三間町中央公民館,愛媛県宇和島市三間町宮野下835番地,収容施設,-1,-1,0,0,0,0,0,1,3,,33.291008,132.607921,1035
三間町町民会館,33.286493,132.60608,,38203,三間町町民会館,愛媛県宇和島市三間町迫目138番地,収容施設,-1,-1,0,0,0,0,0,1,3,,33.286493,132.60608,1036
三間町立幼稚園,33.29120254,132.6145978,,38203,三間町立幼稚園,愛媛県宇和島市三間町元宗521番地1,収容施設,-1,-1,0,0,0,0,0,1,4,,33.29120254,132.6145978,1037
三間町隣保館,33.28411075,132.6012747,,38203,三間町隣保館,愛媛県宇和島市三間町務田681番地1,収容施設,-1,-1,0,0,0,0,0,1,3,,33.28411075,132.6012747,1038
三好霊月宅裏山,33.12823717,132.5177658,,38203,三好霊月宅裏山,愛媛県宇和島市,津波一時避難場所,-1,-1,0,1,0,0,0,0,3,宇和島市の回答より,33.12823717,132.5177658,1039
三森忠宅裏山,33.12361937,132.5243551,,38203,三森忠宅裏山,愛媛県宇和島市,津波一時避難場所,-1,-1,0,1,0,0,0,0,3,宇和島市の回答より,33.12361937,132.5243551,1040
三島・諏訪神社,33.0586961,132.4252654,,38203,三島・諏訪神社,愛媛県宇和島市,津波一時避難場所,-1,-1,0,1,0,0,0,0,3,宇和島市の回答より,33.0586961,132.4252654,1041
三島神社,33.19240822,132.499252,,38203,三島神社,愛媛県宇和島市,津波一時避難場所,-1,-1,0,1,0,0,0,0,3,,33.19240822,132.499252,1042
三島神社の裏山,33.19338248,132.4993322,,38203,三島神社の裏山,愛媛県宇和島市,津波一時避難場所,-1,-1,0,1,0,0,0,0,3,,33.19338248,132.4993322,1043
三島神社境内,33.20916323,132.5513661,,38203,三島神社境内,愛媛県宇和島市,津波一時避難場所,-1,-1,0,1,0,0,0,0,3,,33.20916323,132.5513661,1044
三島神社裏山,33.11475587,132.5476108,,38203,三島神社裏山,愛媛県宇和島市,津波一時避難場所,-1,-1,0,1,0,0,0,0,3,,33.11475587,132.5476108,1045
三曵友幸宅裏山,33.1056277,132.540314,,38203,三曵友幸宅裏山,愛媛県宇和島市,津波一時避難場所,-1,-1,0,1,0,0,0,0,3,,33.1056277,132.540314,1046
山下さつき宅裏山作業道,33.05606417,132.4861529,,38203,山下さつき宅裏山作業道,愛媛県宇和島市,津波一時避難場所,-1,-1,0,1,0,0,0,0,3,宇和島市の回答より,33.05606417,132.4861529,1047
山口園芸裏山,33.11747548,132.5679098,,38203,山口園芸裏山,愛媛県宇和島市,津波一時避難場所,-1,-1,0,1,0,0,0,0,3,,33.11747548,132.5679098,1048
山口勘七宅裏共同墓地,33.14044117,132.4517845,,38203,山口勘七宅裏共同墓地,愛媛県宇和島市,津波一時避難場所,-1,-1,0,1,0,0,0,0,3,宇和島市の回答より,33.14044117,132.4517845,1049
山口工務店裏山,33.12916626,132.4988663,,38203,山口工務店裏山,愛媛県宇和島市,津波一時避難場所,-1,-1,0,1,0,0,0,0,3,,33.12916626,132.4988663,1050
山口清弘宅裏農道,33.11701221,132.481126,,38203,山口清弘宅裏農道,愛媛県宇和島市,津波一時避難場所,-1,-1,0,1,0,0,0,0,3,宇和島市の回答より,33.11701221,132.481126,1051
山際変電所裏山,33.20934037,132.5616333,,38203,山際変電所裏山,愛媛県宇和島市,津波一時避難場所,-1,-1,0,1,0,0,0,0,3,,33.20934037,132.5616333,1052
山村峰雄宅裏山,33.13017241,132.5385196,,38203,山村峰雄宅裏山,愛媛県宇和島市,津波一時避難場所,-1,-1,0,1,0,0,0,0,3,宇和島市の回答より,33.13017241,132.5385196,1053
山村芳樹宅裏山,33.13061552,132.5339145,,38203,山村芳樹宅裏山,愛媛県宇和島市,津波一時避難場所,-1,-1,0,1,0,0,0,0,3,宇和島市の回答より,33.13061552,132.5339145,1054
山中和雄宅裏みかん山,33.13857045,132.4933961,,38203,山中和雄宅裏みかん山,愛媛県宇和島市,津波一時避難場所,-1,-1,0,1,0,0,0,0,3,宇和島市の回答より,33.13857045,132.4933961,1055
山豊水産上の墓地,33.20140849,132.5053549,,38203,山豊水産上の墓地,愛媛県宇和島市,津波一時避難場所,-1,-1,0,1,0,0,0,0,3,宇和島市の回答より,33.20140849,132.5053549,1056
山本さん宅上の道路,33.21580993,132.5529467,,38203,山本さん宅上の道路,愛媛県宇和島市,津波一時避難場所,-1,-1,0,1,0,0,0,0,3,宇和島市の回答より,33.21580993,132.5529467,1057
山本金利さん宅裏山,33.06363542,132.4869253,,38203,山本金利さん宅裏山,愛媛県宇和島市,津波一時避難場所,-1,-1,0,1,0,0,0,0,3,宇和島市の回答より,33.06363542,132.4869253,1058
山本昭三宅前市道,33.14112043,132.5019883,,38203,山本昭三宅前市道,愛媛県宇和島市,津波一時避難場所,-1,-1,0,1,0,0,0,0,3,宇和島市の回答より,33.14112043,132.5019883,1059
山本績宅裏山,33.14257998,132.4715415,,38203,山本績宅裏山,愛媛県宇和島市,津波一時避難場所,-1,-1,0,1,0,0,0,0,3,宇和島市の回答より,33.14257998,132.4715415,1060
市営住宅の裏山,33.2381018,132.5749479,,38203,市営住宅の裏山,愛媛県宇和島市,津波一時避難場所,-1,-1,0,1,0,0,0,0,3,宇和島市の回答より,33.2381018,132.5749479,1061
市営団地裏公園,33.23743717,132.5822109,,38203,市営団地裏公園,愛媛県宇和島市,津波一時避難場所,-1,-1,0,1,0,0,0,0,3,宇和島市の回答より,33.23743717,132.5822109,1062
市営闘牛場,33.22734896,132.5727184,,38203,市営闘牛場,愛媛県宇和島市和霊町496番地2,収容施設,2221,4443,0,0,0,0,0,1,3,,33.22734896,132.5727184,1063
市総合体育館,33.223326,132.556563,,38203,市総合体育館,愛媛県宇和島市弁天町2丁目1番27号,収容施設,4184,8368,0,0,0,0,0,1,3,,33.223326,132.556563,1064
市道・農道（神崎）,33.18785462,132.4405066,,38203,市道・農道（神崎）,愛媛県宇和島市,津波一時避難場所,-1,-1,0,1,0,0,0,0,3,宇和島市の回答より,33.18785462,132.4405066,1065
市道ウラノヲク線と市道ヤツヲミテムカイ線の三叉路付近,33.31713392,132.5006454,,38203,市道ウラノヲク線と市道ヤツヲミテムカイ線の三叉路付近,愛媛県宇和島市,津波一時避難場所,-1,-1,0,1,0,0,0,0,3,宇和島市の回答より,33.31713392,132.5006454,1066
市道ノシカヒラ線と市道ノシカヒラ支線の三叉路付近,33.3189221,132.5033727,,38203,市道ノシカヒラ線と市道ノシカヒラ支線の三叉路付近,愛媛県宇和島市,津波一時避難場所,-1,-1,0,1,0,0,0,0,3,宇和島市の回答より,33.3189221,132.5033727,1067
市道ヤツヲモテムカイ線,33.31969203,132.5056247,,38203,市道ヤツヲモテムカイ線,愛媛県宇和島市,津波一時避難場所,-1,-1,0,1,0,0,0,0,3,宇和島市の回答より,33.31969203,132.5056247,1068
市道ヲカミ線と農免道路合流点付近,33.27524129,132.4782619,,38203,市道ヲカミ線と農免道路合流点付近,愛媛県宇和島市,津波一時避難場所,-1,-1,0,1,0,0,0,0,3,宇和島市の回答より,33.27524129,132.4782619,1069
市道ヲモ田入道ヶ谷線（取水場付近）,33.31510265,132.5332668,,38203,市道ヲモ田入道ヶ谷線（取水場付近）,愛媛県宇和島市,津波一時避難場所,-1,-1,0,1,0,0,0,0,3,宇和島市の回答より,33.31510265,132.5332668,1070
市道奥浦大良線（奥南橋楠ヶ浦側付近）,33.2737768,132.4769963,,38203,市道奥浦大良線（奥南橋楠ヶ浦側付近）,愛媛県宇和島市,津波一時避難場所,-1,-1,0,1,0,0,0,0,3,宇和島市の回答より,33.2737768,132.4769963,1071
市道奥浦大良線（農道との三叉路付近）,33.26139591,132.4741055,,38203,市道奥浦大良線（農道との三叉路付近）,愛媛県宇和島市,津波一時避難場所,-1,-1,0,1,0,0,0,0,3,宇和島市の回答より,33.26139591,132.4741055,1072
市道下波１５号線（大池）,33.20235409,132.4333643,,38203,市道下波１５号線（大池）,愛媛県宇和島市,津波一時避難場所,-1,-1,0,1,0,0,0,0,3,宇和島市の回答より,33.20235409,132.4333643,1073
市道寄ヶ浦線,33.26528833,132.5318408,,38203,市道寄ヶ浦線,愛媛県宇和島市,津波一時避難場所,-1,-1,0,1,0,0,0,0,3,宇和島市の回答より,33.26528833,132.5318408,1074
市道牛川池遠線,33.2691025,132.5187743,,38203,市道牛川池遠線,愛媛県宇和島市,津波一時避難場所,-1,-1,0,1,0,0,0,0,3,宇和島市の回答より,33.2691025,132.5187743,1075
市道畦屋小谷線,33.30520132,132.5292382,,38203,市道畦屋小谷線,愛媛県宇和島市,津波一時避難場所,-1,-1,0,1,0,0,0,0,3,宇和島市の回答より,33.30520132,132.5292382,1076
市道古浦中央線（終点付近）,33.2766425,132.4825877,,38203,市道古浦中央線（終点付近）,愛媛県宇和島市,津波一時避難場所,-1,-1,0,1,0,0,0,0,3,宇和島市の回答より,33.2766425,132.4825877,1077
市道古朝川線,33.26661004,132.5349425,,38203,市道古朝川線,愛媛県宇和島市,津波一時避難場所,-1,-1,0,1,0,0,0,0,3,宇和島市の回答より,33.26661004,132.5349425,1078
市道御舟手大信寺線（大信寺周辺）,33.27518752,132.5470894,,38203,市道御舟手大信寺線（大信寺周辺）,愛媛県宇和島市,津波一時避難場所,-1,-1,0,1,0,0,0,0,3,,33.27518752,132.5470894,1079
市道今郷大谷西付線,33.31690403,132.5224346,,38203,市道今郷大谷西付線,愛媛県宇和島市,津波一時避難場所,-1,-1,0,1,0,0,0,0,3,宇和島市の回答より,33.31690403,132.5224346,1080
市道今郷谷線と市道今郷大谷西付線の三叉路付近,33.32072196,132.5234329,,38203,市道今郷谷線と市道今郷大谷西付線の三叉路付近,愛媛県宇和島市,津波一時避難場所,-1,-1,0,1,0,0,0,0,3,宇和島市の回答より,33.32072196,132.5234329,1081
市道山崎宮ノ谷線と市道鍋蔵線の三叉路付近,33.32175289,132.5192913,,38203,市道山崎宮ノ谷線と市道鍋蔵線の三叉路付近,愛媛県宇和島市,津波一時避難場所,-1,-1,0,1,0,0,0,0,3,宇和島市の回答より,33.32175289,132.5192913,1082
市道宗昌寺線（宗昌寺付近）,33.271055,132.5353828,,38203,市道宗昌寺線（宗昌寺付近）,愛媛県宇和島市,津波一時避難場所,-1,-1,0,1,0,0,0,0,3,,33.271055,132.5353828,1083
市道小西小深浦線（小西池付近）,33.32167004,132.5124105,,38203,市道小西小深浦線（小西池付近）,愛媛県宇和島市,津波一時避難場所,-1,-1,0,1,0,0,0,0,3,宇和島市の回答より,33.32167004,132.5124105,1084
市道上組線（上組トンネル鼡鳴側）,33.08951771,132.4790166,,38203,市道上組線（上組トンネル鼡鳴側）,愛媛県宇和島市,津波一時避難場所,-1,-1,0,1,0,0,0,0,3,,33.08951771,132.4790166,1085
市道西谷カニタ線,33.30362914,132.5205213,,38203,市道西谷カニタ線,愛媛県宇和島市,津波一時避難場所,-1,-1,0,1,0,0,0,0,3,宇和島市の回答より,33.30362914,132.5205213,1086
市道川久保西ヶ谷線（西ヶ谷池上）の三叉路付近,33.31633378,132.5305395,,38203,市道川久保西ヶ谷線（西ヶ谷池上）の三叉路付近,愛媛県宇和島市,津波一時避難場所,-1,-1,0,1,0,0,0,0,3,宇和島市の回答より,33.31633378,132.5305395,1087
市道川平谷線（国安の郷付近）,33.27930503,132.5326236,,38203,市道川平谷線（国安の郷付近）,愛媛県宇和島市,津波一時避難場所,-1,-1,0,1,0,0,0,0,3,,33.27930503,132.5326236,1088
市道浅川家ノ上線と浅川大山線三叉路付近,33.26667568,132.526285,,38203,市道浅川家ノ上線と浅川大山線三叉路付近,愛媛県宇和島市,津波一時避難場所,-1,-1,0,1,0,0,0,0,3,宇和島市の回答より,33.26667568,132.526285,1089
市道善谷小谷線,33.31536869,132.5245024,,38203,市道善谷小谷線,愛媛県宇和島市,津波一時避難場所,-1,-1,0,1,0,0,0,0,3,宇和島市の回答より,33.31536869,132.5245024,1090
市道大工町谷線（天理教付近）,33.28074852,132.5455549,,38203,市道大工町谷線（天理教付近）,愛媛県宇和島市,津波一時避難場所,-1,-1,0,1,0,0,0,0,3,宇和島市の回答より,33.28074852,132.5455549,1091
市道大松線,33.27157889,132.5037174,,38203,市道大松線,愛媛県宇和島市,津波一時避難場所,-1,-1,0,1,0,0,0,0,3,宇和島市の回答より,33.27157889,132.5037174,1092
市道大谷線と市道小谷線の三叉路付近,33.31783847,132.5242885,,38203,市道大谷線と市道小谷線の三叉路付近,愛媛県宇和島市,津波一時避難場所,-1,-1,0,1,0,0,0,0,3,宇和島市の回答より,33.31783847,132.5242885,1093
市道知永中央線（門島神社周辺）,33.26248946,132.5459187,,38203,市道知永中央線（門島神社周辺）,愛媛県宇和島市,津波一時避難場所,-1,-1,0,1,0,0,0,0,3,宇和島市の回答より,33.26248946,132.5459187,1094
市道長惣貝ブロ線,33.26767286,132.5151913,,38203,市道長惣貝ブロ線,愛媛県宇和島市,津波一時避難場所,-1,-1,0,1,0,0,0,0,3,宇和島市の回答より,33.26767286,132.5151913,1095
市道南君立目線（南君隧道付近）,33.26406329,132.506831,,38203,市道南君立目線（南君隧道付近）,愛媛県宇和島市,津波一時避難場所,-1,-1,0,1,0,0,0,0,3,,33.26406329,132.506831,1096
市道南君立目線と南君立目支線三叉路付近,33.26930674,132.5037174,,38203,市道南君立目線と南君立目支線三叉路付近,愛媛県宇和島市,津波一時避難場所,-1,-1,0,1,0,0,0,0,3,宇和島市の回答より,33.26930674,132.5037174,1097
市道南谷線（サンランド駐車場付近）,33.27233612,132.546538,,38203,市道南谷線（サンランド駐車場付近）,愛媛県宇和島市,津波一時避難場所,-1,-1,0,1,0,0,0,0,3,,33.27233612,132.546538,1098
市道和田線と市道和田奥線の三叉路付近,33.32286983,132.5143,,38203,市道和田線と市道和田奥線の三叉路付近,愛媛県宇和島市,津波一時避難場所,-1,-1,0,1,0,0,0,0,3,宇和島市の回答より,33.32286983,132.5143,1099
市立みゆき保育園,33.23048536,132.5605412,,38203,市立みゆき保育園,愛媛県宇和島市藤江1323番地2（1区）,収容施設,462,925,0,0,0,0,0,1,4,,33.23048536,132.5605412,1100
市立宇和津公民館,33.212175,132.568596,,38203,市立宇和津公民館,愛媛県宇和島市妙典寺前乙640番地（2区）,収容施設,202,405,0,0,0,0,0,1,1,,33.212175,132.568596,1101
市立宇和津幼稚園,33.21129664,132.5684978,,38203,市立宇和津幼稚園,愛媛県宇和島市妙典寺前乙640番地（2区）,収容施設,342,684,0,0,0,0,0,1,4,,33.21129664,132.5684978,1102
市立高光公民館,33.25480378,132.572839,,38203,市立高光公民館,愛媛県宇和島市高串2番耕地134番地1（家藤）,収容施設,202,404,0,0,0,0,0,1,4,,33.25480378,132.572839,1103
市立三浦公民館,33.17093103,132.5003135,,38203,市立三浦公民館,愛媛県宇和島市三浦西3566番地2（豊浦）,収容施設,192,385,0,0,0,0,0,1,4,,33.17093103,132.5003135,1104
市立三浦公民館西三浦分館,33.166852,132.479564,,38203,市立三浦公民館西三浦分館,愛媛県宇和島市三浦西1289番地（大内）,収容施設,208,416,0,0,0,0,0,1,1,,33.166852,132.479564,1105
市立祝森公民館,33.174146,132.551409,,38203,市立祝森公民館,愛媛県宇和島市祝森甲3000番地3（祝森中）,収容施設,212,424,0,0,0,0,0,1,4,,33.174146,132.551409,1106
市立小池公民館,33.199065,132.505717,,38203,市立小池公民館,愛媛県宇和島市小池1679番地3（小池）,収容施設,200,401,0,0,0,0,0,1,1,,33.199065,132.505717,1107
市立小池保育園,33.19813,132.50586,,38203,市立小池保育園,愛媛県宇和島市小池1607番地1（小池）,収容施設,559,1119,0,0,0,0,0,1,1,,33.19813,132.50586,1108
市立蒋淵公民館,33.195592,132.406847,,38203,市立蒋淵公民館,愛媛県宇和島市蒋淵1639番地（宮市）,収容施設,215,430,0,0,0,0,0,1,1,,33.195592,132.406847,1109
市立石応保育園,33.21324,132.520386,,38203,市立石応保育園,愛媛県宇和島市石応1151番地,収容施設,405,810,0,0,0,0,0,1,1,2/22指摘箇所修正,33.21324,132.520386,1110
市立鶴島小学校,33.218018,132.559854,,38203,市立鶴島小学校,愛媛県宇和島市文京町2番1号,収容施設,2407,4815,0,0,0,0,0,1,1,,33.218018,132.559854,1112
市立天神公民館,33.222552,132.572554,,38203,市立天神公民館,愛媛県宇和島市丸穂町甲893番地（5区）,収容施設、津波一時避難場所,256,512,0,0,0,0,0,1,1,,33.222552,132.572554,1113
市立番城公民館,33.200159,132.549703,,38203,市立番城公民館,愛媛県宇和島市宮下甲201番地,収容施設,462,925,0,0,0,0,0,1,1,,33.200159,132.549703,1114
市立番城幼稚園,33.200575,132.550077,,38203,市立番城幼稚園,愛媛県宇和島市宮下甲201番地,収容施設,305,610,0,0,0,0,0,1,1,,33.200575,132.550077,1115
市立明倫小学校,33.215102,132.558993,,38203,市立明倫小学校,愛媛県宇和島市文京町4番1号,収容施設,3821,7642,0,0,0,0,0,1,1,,33.215102,132.558993,1116
市立和霊公民館,33.234505,132.573911,,38203,市立和霊公民館,愛媛県宇和島市伊吹町甲577番地5（東通2区）,収容施設,210,420,0,0,0,0,0,1,1,,33.234505,132.573911,1117
市立和霊小学校,33.23074,132.575658,,38203,市立和霊小学校,愛媛県宇和島市伊吹町甲111番地,収容施設,3260,6520,0,0,0,0,0,1,1,,33.23074,132.575658,1118
寺家郷蔵集会所,33.29212813,132.546315,,38203,寺家郷蔵集会所,愛媛県宇和島市吉田町立間1-3730-2,一時避難場所,55,-1,0,0,0,0,0,1,3,,33.29212813,132.546315,1119
慈済寺,33.1408079,132.4969726,,38203,慈済寺,愛媛県宇和島市,津波一時避難場所,-1,-1,0,1,0,0,0,0,3,,33.1408079,132.4969726,1120
社会福祉法人宇和島済美婦人会丸穂保育園,33.222768,132.572964,,38203,社会福祉法人宇和島済美婦人会丸穂保育園,愛媛県宇和島市丸穂町甲900番地1（5区）,収容施設、津波一時避難場所,1462,2925,0,0,0,0,0,1,1,,33.222768,132.572964,1121
社会福祉法人宇和島済美婦人会済美保育園,33.224268,132.568575,,38203,社会福祉法人宇和島済美婦人会済美保育園,愛媛県宇和島市丸穂町3丁目2番30号,収容施設,645,1291,0,0,0,0,0,1,1,,33.224268,132.568575,1122
社保健管センター前駐車場,33.21593443,132.5701487,,38203,社保健管センター前駐車場,愛媛県宇和島市,津波一時避難場所,-1,-1,0,1,0,0,0,0,3,,33.21593443,132.5701487,1123
若宮神社裏山,33.14133249,132.464511,,38203,若宮神社裏山,愛媛県宇和島市,津波一時避難場所,-1,-1,0,1,0,0,0,0,3,,33.14133249,132.464511,1124
若宮池奥の道,33.24250643,132.581486,,38203,若宮池奥の道,愛媛県宇和島市,津波一時避難場所,-1,-1,0,1,0,0,0,0,3,宇和島市の回答より,33.24250643,132.581486,1125
狩津集会所,33.167881,132.442307,,38203,狩津集会所,愛媛県宇和島市下波5409番地（狩津）,収容施設,28,57,0,0,0,0,0,1,1,,33.167881,132.442307,1126
宗清集会所上農道,33.138147,132.491448,,38203,宗清集会所上農道,愛媛県宇和島市,津波一時避難場所,-1,-1,0,1,0,0,0,0,3,,33.138147,132.491448,1127
宗清池付近みかん山,33.13976765,132.4889218,,38203,宗清池付近みかん山,愛媛県宇和島市,津波一時避難場所,-1,-1,0,1,0,0,0,0,3,宇和島市の回答より,33.13976765,132.4889218,1128
住吉トンネル上のミカン山,33.23014593,132.5585559,,38203,住吉トンネル上のミカン山,愛媛県宇和島市,津波一時避難場所,-1,-1,0,1,0,0,0,0,3,,33.23014593,132.5585559,1129
住吉山公園,33.22819255,132.5554958,,38203,住吉山公園,愛媛県宇和島市,津波一時避難場所,-1,-1,0,1,0,0,0,0,3,宇和島市の回答より,33.22819255,132.5554958,1130
住吉小学校,33.230322,132.555549,,38203,住吉小学校,愛媛県宇和島市住吉町807番地2,一時避難場所,7551,7551,0,0,0,0,0,1,1,,33.230322,132.555549,1131
住吉神社境内,33.19350004,132.509178,,38203,住吉神社境内,愛媛県宇和島市,津波一時避難場所,-1,-1,0,1,0,0,0,0,3,,33.19350004,132.509178,1132
住吉神社手前共同墓地,33.13527054,132.4546931,,38203,住吉神社手前共同墓地,愛媛県宇和島市,津波一時避難場所,-1,-1,0,1,0,0,0,0,3,宇和島市の回答より,33.13527054,132.4546931,1133
住吉神社裏の周回道路,33.22235713,132.5215136,,38203,住吉神社裏の周回道路,愛媛県宇和島市,津波一時避難場所,-1,-1,0,1,0,0,0,0,3,宇和島市の回答より,33.22235713,132.5215136,1134
宿の浦はいたか神社境内,33.19595696,132.4116072,,38203,宿の浦はいたか神社境内,愛媛県宇和島市,津波一時避難場所,-1,-1,0,1,0,0,0,0,3,,33.19595696,132.4116072,1135
祝森公民館駐車場,33.174146,132.551409,,38203,祝森公民館駐車場,愛媛県宇和島市,津波一時避難場所,-1,-1,0,1,0,0,0,0,3,,33.174146,132.551409,1136
小学校上の墓地,33.22404957,132.5256968,,38203,小学校上の墓地,愛媛県宇和島市,津波一時避難場所,-1,-1,0,1,0,0,0,0,3,,33.22404957,132.5256968,1137
小学校裏新設道路,33.05632081,132.4294337,,38203,小学校裏新設道路,愛媛県宇和島市,津波一時避難場所,-1,-1,0,1,0,0,0,0,3,,33.05632081,132.4294337,1138
小沢川集会所,33.30068192,132.6228047,,38203,小沢川集会所,愛媛県宇和島市三間町小沢川733番地,収容施設,-1,-1,0,0,0,0,0,1,4,,33.30068192,132.6228047,1139
小谷地区,33.24265579,132.5849858,,38203,小谷地区,愛媛県宇和島市,津波一時避難場所,-1,-1,0,1,0,0,0,0,3,宇和島市の回答より,33.24265579,132.5849858,1140
小池小学校,33.200019,132.505582,,38203,小池小学校,愛媛県宇和島市小池1679番地3,一時避難場所,5508,5508,0,0,0,0,0,1,1,,33.200019,132.505582,1141
小島谷池裏山（畑）,33.13096595,132.5064091,,38203,小島谷池裏山（畑）,愛媛県宇和島市,津波一時避難場所,-1,-1,0,1,0,0,0,0,3,宇和島市の回答より,33.13096595,132.5064091,1142
小内浦墓地,33.20403085,132.3692503,,38203,小内浦墓地,愛媛県宇和島市,津波一時避難場所,-1,-1,0,1,0,0,0,0,3,宇和島市の回答より,33.20403085,132.3692503,1143
小浜集会所上の墓地農道,33.20365708,132.505546,,38203,小浜集会所上の墓地農道,愛媛県宇和島市,津波一時避難場所,-1,-1,0,1,0,0,0,0,3,宇和島市の回答より,33.20365708,132.505546,1144
小野蒲鉾上の農道,33.21363771,132.5309435,,38203,小野蒲鉾上の農道,愛媛県宇和島市,津波一時避難場所,-1,-1,0,1,0,0,0,0,3,宇和島市の回答より,33.21363771,132.5309435,1145
小林健次さん宅駐車場,33.21141566,132.5642246,,38203,小林健次さん宅駐車場,愛媛県宇和島市,津波一時避難場所,-1,-1,0,1,0,0,0,0,3,宇和島市の回答より,33.21141566,132.5642246,1146
小林仁史さん宅付近の道路・空地,33.21128694,132.5649138,,38203,小林仁史さん宅付近の道路・空地,愛媛県宇和島市,津波一時避難場所,-1,-1,0,1,0,0,0,0,3,宇和島市の回答より,33.21128694,132.5649138,1147
松栄寺墓地,33.05797666,132.4251258,,38203,松栄寺墓地,愛媛県宇和島市,津波一時避難場所,-1,-1,0,1,0,0,0,0,3,,33.05797666,132.4251258,1148
松根一久車庫裏みかん山,33.14380395,132.4791057,,38203,松根一久車庫裏みかん山,愛媛県宇和島市,津波一時避難場所,-1,-1,0,1,0,0,0,0,3,宇和島市の回答より,33.14380395,132.4791057,1149
松盛荘周辺,33.2316674,132.5663328,,38203,松盛荘周辺,愛媛県宇和島市,津波一時避難場所,-1,-1,0,1,0,0,0,0,3,,33.2316674,132.5663328,1150
松尾神社裏山,33.23826112,132.5384006,,38203,松尾神社裏山,愛媛県宇和島市,津波一時避難場所,-1,-1,0,1,0,0,0,0,3,,33.23826112,132.5384006,1151
松本孔さん宅前の駐車場,33.20912625,132.5665182,,38203,松本孔さん宅前の駐車場,愛媛県宇和島市,津波一時避難場所,-1,-1,0,1,0,0,0,0,3,宇和島市の回答より,33.20912625,132.5665182,1152
松本真隅さん宅上の山,33.21122676,132.562127,,38203,松本真隅さん宅上の山,愛媛県宇和島市,津波一時避難場所,-1,-1,0,1,0,0,0,0,3,宇和島市の回答より,33.21122676,132.562127,1153
松林庵境内,33.19132278,132.4541963,,38203,松林庵境内,愛媛県宇和島市,津波一時避難場所,-1,-1,0,1,0,0,0,0,3,,33.19132278,132.4541963,1154
照護寺境内,33.23387749,132.578069,,38203,照護寺境内,愛媛県宇和島市,津波一時避難場所,-1,-1,0,1,0,0,0,0,3,,33.23387749,132.578069,1155
蒋淵小学校,33.20034,132.407518,,38203,蒋淵小学校,愛媛県宇和島市蒋淵983番地,一時避難場所,2988,2988,0,0,0,0,0,1,1,,33.20034,132.407518,1156
上光満集会所,33.261869,132.59213,,38203,上光満集会所,愛媛県宇和島市光満甲1320番地（上光満）,収容施設、津波一時避難場所,19,38,0,0,0,0,0,1,1,,33.261869,132.59213,1157
上組トンネル脇側県道,33.09492631,132.4791116,,38203,上組トンネル脇側県道,愛媛県宇和島市,津波一時避難場所,-1,-1,0,1,0,0,0,0,3,宇和島市の回答より,33.09492631,132.4791116,1158
上田一介さん宅上の農道,33.23509727,132.5551868,,38203,上田一介さん宅上の農道,愛媛県宇和島市,津波一時避難場所,-1,-1,0,1,0,0,0,0,3,宇和島市の回答より,33.23509727,132.5551868,1159
上田英樹宅裏山,33.12591258,132.5071697,,38203,上田英樹宅裏山,愛媛県宇和島市,津波一時避難場所,-1,-1,0,1,0,0,0,0,3,宇和島市の回答より,33.12591258,132.5071697,1160
上槙小学校跡地,33.05568042,132.5552529,,38203,上槙小学校跡地,愛媛県宇和島市津島町下畑地,一時避難場所,1130,2261,0,0,0,0,0,1,3,宇和島市の回答より,33.05568042,132.5552529,1161
城山公園,33.22057712,132.5642661,,38203,城山公園,愛媛県宇和島市,津波一時避難場所,-1,-1,0,1,0,0,0,0,1,,33.22057712,132.5642661,1162
城東中学校,33.212158,132.557854,,38203,城東中学校,愛媛県宇和島市新田町3丁目3番1号,一時避難場所,9030,9030,0,0,0,0,0,1,1,,33.212158,132.557854,1163
城南中学校,33.215879,132.559048,,38203,城南中学校,愛媛県宇和島市文京町3番2号,一時避難場所,14130,14130,0,0,0,0,0,1,1,,33.215879,132.559048,1164
城南分団１部詰所奥の農道,33.20462354,132.5599523,,38203,城南分団１部詰所奥の農道,愛媛県宇和島市,津波一時避難場所,-1,-1,0,1,0,0,0,0,3,宇和島市の回答より,33.20462354,132.5599523,1165
城北中学校,33.230295,132.566242,,38203,城北中学校,愛媛県宇和島市和霊町1344番地1,一時避難場所,10310,10310,0,0,0,0,0,1,1,,33.230295,132.566242,1167
浄楽寺境内,33.2239,132.527733,,38203,浄楽寺境内,愛媛県宇和島市,津波一時避難場所,-1,-1,0,1,0,0,0,0,3,,33.2239,132.527733,1168
浄智寺裏墓地,33.08373517,132.4796293,,38203,浄智寺裏墓地,愛媛県宇和島市,津波一時避難場所,-1,-1,0,1,0,0,0,0,3,,33.08373517,132.4796293,1169
尻貝集会所裏山,33.1444373,132.4551868,,38203,尻貝集会所裏山,愛媛県宇和島市,津波一時避難場所,-1,-1,0,1,0,0,0,0,3,宇和島市の回答より,33.1444373,132.4551868,1170
信教寺墓地,33.171728,132.477321,,38203,信教寺墓地,愛媛県宇和島市,津波一時避難場所,-1,-1,0,1,0,0,0,0,3,,33.171728,132.477321,1171
新屋敷集会所,33.2731551,132.5896838,,38203,新屋敷集会所,愛媛県宇和島市光満甲,収容施設,-1,-1,0,0,0,0,0,1,3,,33.2731551,132.5896838,1172
新屋敷集会所周辺,33.27335833,132.5896087,,38203,新屋敷集会所周辺,愛媛県宇和島市,津波一時避難場所,-1,-1,0,1,0,0,0,0,3,,33.27335833,132.5896087,1173
新倉央士さん宅上の山,33.20809439,132.5613338,,38203,新倉央士さん宅上の山,愛媛県宇和島市,津波一時避難場所,-1,-1,0,1,0,0,0,0,3,宇和島市の回答より,33.20809439,132.5613338,1174
新田神社,33.170565,132.499728,,38203,新田神社,愛媛県宇和島市,津波一時避難場所,-1,-1,0,1,0,0,0,0,3,,33.170565,132.499728,1175
新明神社境内,33.20240962,132.3948365,,38203,新明神社境内,愛媛県宇和島市,津波一時避難場所,-1,-1,0,1,0,0,0,0,3,宇和島市の回答より,33.20240962,132.3948365,1176
深浦集会所,33.317913,132.505787,,38203,深浦集会所,愛媛県宇和島市深浦1-407-4,一時避難場所,73,-1,0,0,0,0,0,1,1,,33.317913,132.505787,1177
真教寺境内,33.21912098,132.5710222,,38203,真教寺境内,愛媛県宇和島市,津波一時避難場所,-1,-1,0,1,0,0,0,0,3,,33.21912098,132.5710222,1178
真光寺境内,33.18555381,132.4572653,,38203,真光寺境内,愛媛県宇和島市,津波一時避難場所,-1,-1,0,1,0,0,0,0,3,,33.18555381,132.4572653,1179
神崎集会所の上側・墓道,33.19126641,132.4433124,,38203,神崎集会所の上側・墓道,愛媛県宇和島市,津波一時避難場所,-1,-1,0,1,0,0,0,0,3,宇和島市の回答より,33.19126641,132.4433124,1180
神明神社境内,33.19558249,132.4577627,,38203,神明神社境内,愛媛県宇和島市,津波一時避難場所,-1,-1,0,1,0,0,0,0,3,,33.19558249,132.4577627,1181
陣ケ森,33.20871647,132.5657219,,38203,陣ケ森,愛媛県宇和島市,津波一時避難場所,-1,-1,0,1,0,0,0,0,3,宇和島市の回答より,33.20871647,132.5657219,1182
諏訪神社,33.06247864,132.4127397,,38203,諏訪神社,愛媛県宇和島市,津波一時避難場所,-1,-1,0,1,0,0,0,0,3,,33.06247864,132.4127397,1183
水荷浦集会所,33.20603289,132.4557155,,38203,水荷浦集会所,愛媛県宇和島市遊子2323番地（水荷浦）,収容施設,40,80,0,0,0,0,0,1,4,,33.20603289,132.4557155,1184
是延集会所,33.27666596,132.6433149,,38203,是延集会所,愛媛県宇和島市三間町是延551番地,収容施設,-1,-1,0,0,0,0,0,1,4,,33.27666596,132.6433149,1185
是能集会所,33.28613101,132.5825243,,38203,是能集会所,愛媛県宇和島市三間町是能402番地,収容施設,-1,-1,0,0,0,0,0,1,4,,33.28613101,132.5825243,1186
成家集会所,33.29672839,132.5936311,,38203,成家集会所,愛媛県宇和島市三間町成家842番地,収容施設,-1,-1,0,0,0,0,0,1,4,,33.29672839,132.5936311,1187
清家嘉文宅裏墓地,33.07801778,132.4862242,,38203,清家嘉文宅裏墓地,愛媛県宇和島市,津波一時避難場所,-1,-1,0,1,0,0,0,0,3,宇和島市の回答より,33.07801778,132.4862242,1188
清家組倉庫前,33.3167464,132.5231243,,38203,清家組倉庫前,愛媛県宇和島市,津波一時避難場所,-1,-1,0,1,0,0,0,0,3,,33.3167464,132.5231243,1189
清家隆宅前市道,33.14356118,132.5060882,,38203,清家隆宅前市道,愛媛県宇和島市,津波一時避難場所,-1,-1,0,1,0,0,0,0,3,宇和島市の回答より,33.14356118,132.5060882,1190
清水さん宅北側市道,33.28870783,132.5372896,,38203,清水さん宅北側市道,愛媛県宇和島市,津波一時避難場所,-1,-1,0,1,0,0,0,0,3,宇和島市の回答より,33.28870783,132.5372896,1191
清水久子宅付近農道,33.06868583,132.4869491,,38203,清水久子宅付近農道,愛媛県宇和島市,津波一時避難場所,-1,-1,0,1,0,0,0,0,3,宇和島市の回答より,33.06868583,132.4869491,1192
清満公民館,33.124421,132.552835,,38203,清満公民館,愛媛県宇和島市津島町岩渕丙560,収容施設,420,851,0,0,0,0,0,1,1,,33.124421,132.552835,1193
清満小学校,33.124701,132.551207,,38203,清満小学校,愛媛県宇和島市津島町岩渕丙395,収容施設、一時避難場所,7040,14134,0,0,0,0,0,1,1,,33.124701,132.551207,1194
西の淵広場,33.16601252,132.4547376,,38203,西の淵広場,愛媛県宇和島市,津波一時避難場所,-1,-1,0,1,0,0,0,0,3,宇和島市の回答より,33.16601252,132.4547376,1195
西一宅付近農道,33.06758751,132.4883217,,38203,西一宅付近農道,愛媛県宇和島市,津波一時避難場所,-1,-1,0,1,0,0,0,0,3,宇和島市の回答より,33.06758751,132.4883217,1196
西光寺境内,33.24056418,132.552476,,38203,西光寺境内,愛媛県宇和島市,津波一時避難場所,-1,-1,0,1,0,0,0,0,3,,33.24056418,132.552476,1197
西江寺境内,33.219451,132.571528,,38203,西江寺境内,愛媛県宇和島市,津波一時避難場所,-1,-1,0,1,0,0,0,0,3,,33.219451,132.571528,1198
西崎石油上の墓地,33.22335061,132.5288993,,38203,西崎石油上の墓地,愛媛県宇和島市,津波一時避難場所,-1,-1,0,1,0,0,0,0,3,宇和島市の回答より,33.22335061,132.5288993,1199
西三浦公民館裏の農道,33.16606005,132.4789452,,38203,西三浦公民館裏の農道,愛媛県宇和島市,津波一時避難場所,-1,-1,0,1,0,0,0,0,3,宇和島市の回答より,33.16606005,132.4789452,1200
西川さん宅北側みかん畑,33.28432484,132.5374738,,38203,西川さん宅北側みかん畑,愛媛県宇和島市,津波一時避難場所,-1,-1,0,1,0,0,0,0,3,宇和島市の回答より,33.28432484,132.5374738,1201
西側の川上付近,33.05958608,132.464019,,38203,西側の川上付近,愛媛県宇和島市,津波一時避難場所,-1,-1,0,1,0,0,0,0,3,宇和島市の回答より,33.05958608,132.464019,1202
西村さん宅上の畑,33.22712333,132.3623309,,38203,西村さん宅上の畑,愛媛県宇和島市,津波一時避難場所,-1,-1,0,1,0,0,0,0,3,宇和島市の回答より,33.22712333,132.3623309,1203
西村喜善宅裏山,33.13639138,132.521983,,38203,西村喜善宅裏山,愛媛県宇和島市,津波一時避難場所,-1,-1,0,1,0,0,0,0,3,宇和島市の回答より,33.13639138,132.521983,1204
西田弘二宅裏山,33.1268164,132.5054554,,38203,西田弘二宅裏山,愛媛県宇和島市,津波一時避難場所,-1,-1,0,1,0,0,0,0,3,宇和島市の回答より,33.1268164,132.5054554,1205
石応小学校,33.212962,132.51497,,38203,石応小学校,愛媛県宇和島市石応1616番地,一時避難場所,4676,4676,0,0,0,0,0,1,1,,33.212962,132.51497,1206
石応小学校裏山,33.21223121,132.5155107,,38203,石応小学校裏山,愛媛県宇和島市,津波一時避難場所,-1,-1,0,1,0,0,0,0,3,,33.21223121,132.5155107,1207
石応郵便局裏の墓地,33.21298689,132.5161715,,38203,石応郵便局裏の墓地,愛媛県宇和島市,津波一時避難場所,-1,-1,0,1,0,0,0,0,3,,33.21298689,132.5161715,1208
石丸公園,33.18093146,132.5435164,,38203,石丸公園,愛媛県宇和島市祝森甲580番地1,一時避難場所,3800,3800,0,0,0,0,0,1,1,,33.18093146,132.5435164,1209
石神神社,33.27817617,132.5367786,,38203,石神神社,愛媛県宇和島市,津波一時避難場所,-1,-1,0,1,0,0,0,0,3,宇和島市の回答より,33.27817617,132.5367786,1210
川下龍人宅裏山,33.12404537,132.5180554,,38203,川下龍人宅裏山,愛媛県宇和島市,津波一時避難場所,-1,-1,0,1,0,0,0,0,3,宇和島市の回答より,33.12404537,132.5180554,1211
川上豊さん宅前路上,33.21049997,132.5656625,,38203,川上豊さん宅前路上,愛媛県宇和島市,津波一時避難場所,-1,-1,0,1,0,0,0,0,3,宇和島市の回答より,33.21049997,132.5656625,1212
川内神明神社境内,33.20157356,132.5557751,,38203,川内神明神社境内,愛媛県宇和島市,津波一時避難場所,-1,-1,0,1,0,0,0,0,3,,33.20157356,132.5557751,1213
川之内集会所,33.30973661,132.6283388,,38203,川之内集会所,愛媛県宇和島市三間町川之内37番地,収容施設,-1,-1,0,0,0,0,0,1,3,,33.30973661,132.6283388,1214
浅田精肉店前社保駐車場,33.21683344,132.5701041,,38203,浅田精肉店前社保駐車場,愛媛県宇和島市,津波一時避難場所,-1,-1,0,1,0,0,0,0,3,,33.21683344,132.5701041,1215
船隠集会所前の墓地,33.18303795,132.5101964,,38203,船隠集会所前の墓地,愛媛県宇和島市,津波一時避難場所,-1,-1,0,1,0,0,0,0,3,,33.18303795,132.5101964,1216
船間集会所,33.274881,132.479395,,38203,船間集会所,愛媛県宇和島市吉田町奥浦甲3248-3,一時避難場所,80,-1,0,0,0,0,0,1,1,,33.274881,132.479395,1217
船田恵美子宅付近,33.139649,132.5272298,,38203,船田恵美子宅付近,愛媛県宇和島市,津波一時避難場所,-1,-1,0,1,0,0,0,0,3,宇和島市の回答より,33.139649,132.5272298,1218
船田建設裏山,33.12978898,132.5376725,,38203,船田建設裏山,愛媛県宇和島市,津波一時避難場所,-1,-1,0,1,0,0,0,0,3,,33.12978898,132.5376725,1219
船田博文倉庫,33.13492099,132.5290362,,38203,船田博文倉庫,愛媛県宇和島市,津波一時避難場所,-1,-1,0,1,0,0,0,0,3,宇和島市の回答より,33.13492099,132.5290362,1220
選仏寺境内,33.218475,132.572118,,38203,選仏寺境内,愛媛県宇和島市,津波一時避難場所,-1,-1,0,1,0,0,0,0,3,,33.218475,132.572118,1221
前田幾満作業場裏山,33.05934408,132.4471794,,38203,前田幾満作業場裏山,愛媛県宇和島市,津波一時避難場所,-1,-1,0,1,0,0,0,0,3,宇和島市の回答より,33.05934408,132.4471794,1222
前田高利宅付近裏山,33.0545085,132.4527114,,38203,前田高利宅付近裏山,愛媛県宇和島市,津波一時避難場所,-1,-1,0,1,0,0,0,0,3,宇和島市の回答より,33.0545085,132.4527114,1223
曽根集会所,33.290478,132.588376,,38203,曽根集会所,愛媛県宇和島市三間町曽根471番地,収容施設,-1,-1,0,0,0,0,0,1,1,,33.290478,132.588376,1224
曽根小学校,33.100178,132.479974,,38203,曽根小学校,愛媛県宇和島市津島町脇706,一時避難場所、収容施設、津波一時避難場所,2200,4423,0,0,0,0,0,1,1,,33.100178,132.479974,1225
曽根殿神社,33.08950541,132.46962,,38203,曽根殿神社,愛媛県宇和島市,津波一時避難場所,-1,-1,0,1,0,0,0,0,3,,33.08950541,132.46962,1226
創価学会宇和島文化会館,33.190046,132.546782,,38203,創価学会宇和島文化会館,愛媛県宇和島市,津波一時避難場所,-1,-1,0,1,0,0,0,0,3,,33.190046,132.546782,1227
惣代公民館,33.288226,132.491564,,38203,惣代公民館,愛媛県宇和島市,津波一時避難場所,-1,-1,0,1,0,0,0,0,3,,33.288226,132.491564,1228
総合福祉センター,33.225918,132.558088,,38203,総合福祉センター,愛媛県宇和島市住吉町1丁目6番16号,収容施設,1832,3665,0,0,0,0,0,1,3,,33.225918,132.558088,1229
増原昭宅横山,33.12493515,132.5374203,,38203,増原昭宅横山,愛媛県宇和島市,津波一時避難場所,-1,-1,0,1,0,0,0,0,3,宇和島市の回答より,33.12493515,132.5374203,1230
増田毅宅裏山,33.06850348,132.4123178,,38203,増田毅宅裏山,愛媛県宇和島市,津波一時避難場所,-1,-1,0,1,0,0,0,0,3,宇和島市の回答より,33.06850348,132.4123178,1231
増田公民館,33.28543552,132.6179763,,38203,増田公民館,愛媛県宇和島市三間町増田,収容施設,-1,-1,0,0,0,0,0,1,3,,33.28543552,132.6179763,1232
増田勝頼宅裏山,33.06278286,132.4150927,,38203,増田勝頼宅裏山,愛媛県宇和島市,津波一時避難場所,-1,-1,0,1,0,0,0,0,3,宇和島市の回答より,33.06278286,132.4150927,1233
則集会所,33.310324,132.581668,,38203,則集会所,愛媛県宇和島市三間町則1688番地,収容施設,-1,-1,0,0,0,0,0,1,1,,33.310324,132.581668,1234
村上工業横農道,33.09653489,132.5174352,,38203,村上工業横農道,愛媛県宇和島市,津波一時避難場所,-1,-1,0,1,0,0,0,0,3,,33.09653489,132.5174352,1235
多賀神社裏山（石山）,33.22889808,132.5614327,,38203,多賀神社裏山（石山）,愛媛県宇和島市,津波一時避難場所,-1,-1,0,1,0,0,0,0,3,,33.22889808,132.5614327,1236
太鼓場常夜灯付近,33.28148149,132.5390365,,38203,太鼓場常夜灯付近,愛媛県宇和島市,津波一時避難場所,-1,-1,0,1,0,0,0,0,3,宇和島市の回答より,33.28148149,132.5390365,1237
駄場の県道沿い,33.15826866,132.3055464,,38203,駄場の県道沿い,愛媛県宇和島市,津波一時避難場所,-1,-1,0,1,0,0,0,0,3,宇和島市の回答より,33.15826866,132.3055464,1238
大浦自治会館（旧営林署）,33.237108,132.551637,,38203,大浦自治会館（旧営林署）,愛媛県宇和島市大浦甲208,収容施設,292,584,0,0,0,0,0,1,3,,33.237108,132.551637,1239
大浦変電所の裏山,33.23146829,132.5556681,,38203,大浦変電所の裏山,愛媛県宇和島市,津波一時避難場所,-1,-1,0,1,0,0,0,0,3,,33.23146829,132.5556681,1240
大下勘一郎宅裏山,33.06539299,132.4113968,,38203,大下勘一郎宅裏山,愛媛県宇和島市,津波一時避難場所,-1,-1,0,1,0,0,0,0,3,宇和島市の回答より,33.06539299,132.4113968,1241
大河内下集会所,33.30821274,132.5604393,,38203,大河内下集会所,愛媛県宇和島市吉田町立間1-1969-6,一時避難場所,70,-1,0,0,0,0,0,1,4,,33.30821274,132.5604393,1242
大月真珠会社前バス停奥の農道,33.23653168,132.5440842,,38203,大月真珠会社前バス停奥の農道,愛媛県宇和島市,津波一時避難場所,-1,-1,0,1,0,0,0,0,3,宇和島市の回答より,33.23653168,132.5440842,1243
大師堂裏山,33.2389125,132.5374559,,38203,大師堂裏山,愛媛県宇和島市,津波一時避難場所,-1,-1,0,1,0,0,0,0,3,宇和島市の回答より,33.2389125,132.5374559,1244
大慈寺,33.25008005,132.5690663,,38203,大慈寺,愛媛県宇和島市,津波一時避難場所,-1,-1,0,1,0,0,0,0,3,,33.25008005,132.5690663,1245
大車覚史宅裏林道,33.12355007,132.5617289,,38203,大車覚史宅裏林道,愛媛県宇和島市,津波一時避難場所,-1,-1,0,1,0,0,0,0,3,宇和島市の回答より,33.12355007,132.5617289,1246
大森様奥の農道,33.23794866,132.5383116,,38203,大森様奥の農道,愛媛県宇和島市,津波一時避難場所,-1,-1,0,1,0,0,0,0,3,宇和島市の回答より,33.23794866,132.5383116,1247
大西克己さん宅上の農道（下１）,33.23919642,132.5548897,,38203,大西克己さん宅上の農道（下１）,愛媛県宇和島市,津波一時避難場所,-1,-1,0,1,0,0,0,0,3,宇和島市の回答より,33.23919642,132.5548897,1248
大倉ふとん店裏山,33.12099749,132.5220864,,38203,大倉ふとん店裏山,愛媛県宇和島市,津波一時避難場所,-1,-1,0,1,0,0,0,0,3,,33.12099749,132.5220864,1249
大谷農道の奥,33.19557604,132.447328,,38203,大谷農道の奥,愛媛県宇和島市,津波一時避難場所,-1,-1,0,1,0,0,0,0,3,宇和島市の回答より,33.19557604,132.447328,1250
大超寺奥集会所,33.212648,132.573842,,38203,大超寺奥集会所,愛媛県宇和島市大超寺奥乙57番地1,津波一時避難場所,-1,-1,0,1,0,0,0,0,1,,33.212648,132.573842,1251
大藤基幹集落センター,33.30739056,132.5931269,,38203,大藤基幹集落センター,愛媛県宇和島市三間町大藤960番地,収容施設,-1,-1,0,0,0,0,0,1,3,,33.30739056,132.5931269,1252
大藤集会所,33.309772,132.590247,,38203,大藤集会所,愛媛県宇和島市三間町大藤704番地,収容施設,-1,-1,0,0,0,0,0,1,1,,33.309772,132.590247,1253
大内集会所,33.28649707,132.6448003,,38203,大内集会所,愛媛県宇和島市三間町大内93番地,収容施設,-1,-1,0,0,0,0,0,1,4,,33.28649707,132.6448003,1254
大日提県道上（坪浦頂上付近）,33.12365504,132.4840256,,38203,大日提県道上（坪浦頂上付近）,愛媛県宇和島市,津波一時避難場所,-1,-1,0,1,0,0,0,0,3,宇和島市の回答より,33.12365504,132.4840256,1255
大浜隧道,33.14481112,132.4483203,,38203,大浜隧道,愛媛県宇和島市,津波一時避難場所,-1,-1,0,1,0,0,0,0,3,,33.14481112,132.4483203,1256
大野地区（農道）,33.20537325,132.5212522,,38203,大野地区（農道）,愛媛県宇和島市,津波一時避難場所,-1,-1,0,1,0,0,0,0,3,,33.20537325,132.5212522,1257
辰巳亀所有山林（祠）,33.11618096,132.5131235,,38203,辰巳亀所有山林（祠）,愛媛県宇和島市,津波一時避難場所,-1,-1,0,1,0,0,0,0,3,宇和島市の回答より,33.11618096,132.5131235,1258
池田孝さん宅裏の三叉路（中組１班）,33.23956498,132.579953,,38203,池田孝さん宅裏の三叉路（中組１班）,愛媛県宇和島市,津波一時避難場所,-1,-1,0,1,0,0,0,0,3,宇和島市の回答より,33.23956498,132.579953,1259
池田牧場裏山,33.115098,132.5423296,,38203,池田牧場裏山,愛媛県宇和島市,津波一時避難場所,-1,-1,0,1,0,0,0,0,3,,33.115098,132.5423296,1260
竹園ハイツ奥の空き地,33.19990064,132.5513899,,38203,竹園ハイツ奥の空き地,愛媛県宇和島市,津波一時避難場所,-1,-1,0,1,0,0,0,0,3,宇和島市の回答より,33.19990064,132.5513899,1261
竹葉元晴宅裏山,33.13464369,132.5213175,,38203,竹葉元晴宅裏山,愛媛県宇和島市,津波一時避難場所,-1,-1,0,1,0,0,0,0,3,宇和島市の回答より,33.13464369,132.5213175,1262
中央公民館,33.217222,132.567535,,38203,中央公民館,愛媛県宇和島市堀端町1番25号,収容施設、津波一時避難場所,1038,2077,0,0,0,0,0,1,1,2/22指摘箇所修正,33.217222,132.567535,1263
中組ゲートボール場,33.26404949,132.5818722,,38203,中組ゲートボール場,愛媛県宇和島市,津波一時避難場所,-1,-1,0,1,0,0,0,0,3,,33.26404949,132.5818722,1264
中組集会所,33.26467649,132.5816149,,38203,中組集会所,愛媛県宇和島市光満甲237番地3（中組）,収容施設,-1,-1,0,0,0,0,0,1,4,,33.26467649,132.5816149,1265
中組集会所,33.29812168,132.5539189,,38203,中組集会所,愛媛県宇和島市吉田町立間1-653-1,一時避難場所,75,-1,0,0,0,0,0,1,4,,33.29812168,132.5539189,1266
中村勲宅前市道,33.11163379,132.5474563,,38203,中村勲宅前市道,愛媛県宇和島市,津波一時避難場所,-1,-1,0,1,0,0,0,0,3,宇和島市の回答より,33.11163379,132.5474563,1267
中島敏行宅裏山,33.10647439,132.4155682,,38203,中島敏行宅裏山,愛媛県宇和島市,津波一時避難場所,-1,-1,0,1,0,0,0,0,3,宇和島市の回答より,33.10647439,132.4155682,1268
中野中公民館,33.29301515,132.6285735,,38203,中野中公民館,愛媛県宇和島市中野中53番地,収容施設,-1,-1,0,0,0,0,0,1,3,,33.29301515,132.6285735,1269
潮音寺境内,33.218178,132.572665,,38203,潮音寺境内,愛媛県宇和島市,津波一時避難場所,-1,-1,0,1,0,0,0,0,3,,33.218178,132.572665,1270
町立国民体育館,33.289601,132.602177,,38203,町立国民体育館,愛媛県宇和島市三間町戸雁,収容施設,-1,-1,0,0,0,0,0,1,1,,33.289601,132.602177,1271
町立三間小学校,33.289527,132.604373,,38203,町立三間小学校,愛媛県宇和島市三間町宮野下493番地,収容施設、一時避難場所,-1,-1,0,0,0,0,0,1,1,,33.289527,132.604373,1272
町立三間中学校,33.289787,132.603006,,38203,町立三間中学校,愛媛県宇和島市三間町戸雁1046番地,収容施設、一時避難場所,-1,-1,0,0,0,0,0,1,1,,33.289787,132.603006,1273
町立三間保育所,33.291317,132.604154,,38203,町立三間保育所,愛媛県宇和島市三間町戸雁1229番地,収容施設,-1,-1,0,0,0,0,0,1,1,,33.291317,132.604154,1274
町立成妙小学校,33.298944,132.59368,,38203,町立成妙小学校,愛媛県宇和島市三間町成家759番地,収容施設、一時避難場所,-1,-1,0,0,0,0,0,1,1,,33.298944,132.59368,1275
町立二名小学校,33.286838,132.643237,,38203,町立二名小学校,愛媛県宇和島市三間町大内64番地,収容施設、一時避難場所,-1,-1,0,0,0,0,0,1,1,,33.286838,132.643237,1276
長谷川酸素充填所の裏山,33.24036462,132.5657673,,38203,長谷川酸素充填所の裏山,愛媛県宇和島市,津波一時避難場所,-1,-1,0,1,0,0,0,0,3,宇和島市の回答より,33.24036462,132.5657673,1277
鳥首公民館,33.29424326,132.5287782,,38203,鳥首公民館,愛媛県宇和島市沖村甲1882-3、1883-1,一時避難場所,80,-1,0,0,0,0,0,1,3,,33.29424326,132.5287782,1278
津島やすらぎの里,33.13954852,132.5205714,,38203,津島やすらぎの里,愛媛県宇和島市,津波一時避難場所,-1,-1,0,1,0,0,0,0,3,,33.13954852,132.5205714,1279
津島高等学校,33.134812,132.52538,,38203,津島高等学校,愛媛県宇和島市津島町高田甲2469-1,収容施設、一時避難場所,10510,21037,0,0,0,0,0,1,1,,33.134812,132.52538,1280
津島中学校,33.12049,132.516641,,38203,津島中学校,愛媛県宇和島市津島町高田丙355,収容施設、一時避難場所,22490,44992,0,0,0,0,0,1,1,,33.12049,132.516641,1281
津島町中央公民館,33.12583,132.521236,,38203,津島町中央公民館,愛媛県宇和島市岩松甲471,収容施設,1350,2704,0,0,0,0,0,1,3,,33.12583,132.521236,1282
通学路の裏,33.21403048,132.5529823,,38203,通学路の裏,愛媛県宇和島市,津波一時避難場所,-1,-1,0,1,0,0,0,0,3,宇和島市の回答より,33.21403048,132.5529823,1283
天赦公園,33.21555892,132.5609964,,38203,天赦公園,愛媛県宇和島市天赦公園,一時避難場所,26200,26200,0,0,0,0,0,1,1,,33.21555892,132.5609964,1284
天照皇大神社境内,33.19548,132.360822,,38203,天照皇大神社境内,愛媛県宇和島市,津波一時避難場所,-1,-1,0,1,0,0,0,0,3,,33.19548,132.360822,1285
天神社,33.17721217,132.4661664,,38203,天神社,愛媛県宇和島市,津波一時避難場所,-1,-1,0,1,0,0,0,0,3,,33.17721217,132.4661664,1287
天神小学校,33.221826,132.573566,,38203,天神小学校,愛媛県宇和島市丸穂町甲978番地,一時避難場所,8850,8850,0,0,0,0,0,1,1,,33.221826,132.573566,1288
天満宮境内,33.1990922,132.3616565,,38203,天満宮境内,愛媛県宇和島市,津波一時避難場所,-1,-1,0,1,0,0,0,0,3,,33.1990922,132.3616565,1289
天満宮裏山,33.08141126,132.4796523,,38203,天満宮裏山,愛媛県宇和島市,津波一時避難場所,-1,-1,0,1,0,0,0,0,3,,33.08141126,132.4796523,1290
天満神社,33.225836,132.528462,,38203,天満神社,愛媛県宇和島市,津波一時避難場所,-1,-1,0,1,0,0,0,0,3,,33.225836,132.528462,1291
天理教岩松分教会裏山,33.11899216,132.522561,,38203,天理教岩松分教会裏山,愛媛県宇和島市,津波一時避難場所,-1,-1,0,1,0,0,0,0,3,,33.11899216,132.522561,1292
田川集会所,33.30291253,132.635759,,38203,田川集会所,愛媛県宇和島市三間町田川310番地,収容施設,-1,-1,0,0,0,0,0,1,4,,33.30291253,132.635759,1293
田中秀市さん宅裏農道,33.23589201,132.5484189,,38203,田中秀市さん宅裏農道,愛媛県宇和島市,津波一時避難場所,-1,-1,0,1,0,0,0,0,3,宇和島市の回答より,33.23589201,132.5484189,1294
田中節平さん宅上の墓地,33.22599571,132.532432,,38203,田中節平さん宅上の墓地,愛媛県宇和島市,津波一時避難場所,-1,-1,0,1,0,0,0,0,3,宇和島市の回答より,33.22599571,132.532432,1295
田之浜隧道手前県道,33.11163843,132.4753919,,38203,田之浜隧道手前県道,愛媛県宇和島市,津波一時避難場所,-1,-1,0,1,0,0,0,0,3,,33.11163843,132.4753919,1296
田之浜隧道手前県道（田之浜側）,33.11043332,132.4748988,,38203,田之浜隧道手前県道（田之浜側）,愛媛県宇和島市,津波一時避難場所,-1,-1,0,1,0,0,0,0,3,,33.11043332,132.4748988,1297
田颪隧道付近県道,33.08758899,132.469343,,38203,田颪隧道付近県道,愛媛県宇和島市,津波一時避難場所,-1,-1,0,1,0,0,0,0,3,,33.08758899,132.469343,1298
電力鉄塔下の空き地,33.17308991,132.4647142,,38203,電力鉄塔下の空き地,愛媛県宇和島市,津波一時避難場所,-1,-1,0,1,0,0,0,0,3,宇和島市の回答より,33.17308991,132.4647142,1299
土居の奥公園,33.12287662,132.5240657,,38203,土居の奥公園,愛媛県宇和島市,津波一時避難場所,-1,-1,0,1,0,0,0,0,3,宇和島市の回答より,33.12287662,132.5240657,1300
土居の奥谷,33.12197666,132.525364,,38203,土居の奥谷,愛媛県宇和島市,津波一時避難場所,-1,-1,0,1,0,0,0,0,3,宇和島市の回答より,33.12197666,132.525364,1301
土居垣内集会所,33.28715662,132.6394247,,38203,土居垣内集会所,愛媛県宇和島市三間町土居垣内133番地,収容施設,-1,-1,0,0,0,0,0,1,4,,33.28715662,132.6394247,1302
土居中集会所,33.280958,132.612816,,38203,土居中集会所,愛媛県宇和島市三間町土居中932番地,収容施設,-1,-1,0,0,0,0,0,1,1,,33.280958,132.612816,1303
島津神社下の農道,33.17076082,132.4487511,,38203,島津神社下の農道,愛媛県宇和島市,津波一時避難場所,-1,-1,0,1,0,0,0,0,3,宇和島市の回答より,33.17076082,132.4487511,1304
東自治会高台,33.22598562,132.5712064,,38203,東自治会高台,愛媛県宇和島市,津波一時避難場所,-1,-1,0,1,0,0,0,0,3,宇和島市の回答より,33.22598562,132.5712064,1305
東禅寺の裏山,33.23792744,132.572843,,38203,東禅寺の裏山,愛媛県宇和島市,津波一時避難場所,-1,-1,0,1,0,0,0,0,3,,33.23792744,132.572843,1306
東組集会所奥市道,33.08611547,132.5161761,,38203,東組集会所奥市道,愛媛県宇和島市,津波一時避難場所,-1,-1,0,1,0,0,0,0,3,宇和島市の回答より,33.08611547,132.5161761,1307
東側の川上付近,33.05928299,132.4659264,,38203,東側の川上付近,愛媛県宇和島市,津波一時避難場所,-1,-1,0,1,0,0,0,0,3,宇和島市の回答より,33.05928299,132.4659264,1308
東谷・大地農道,33.16408576,132.4920176,,38203,東谷・大地農道,愛媛県宇和島市,津波一時避難場所,-1,-1,0,1,0,0,0,0,3,宇和島市の回答より,33.16408576,132.4920176,1309
藤江奥の農道（橋本哲さん裏山）,33.23317859,132.5597859,,38203,藤江奥の農道（橋本哲さん裏山）,愛媛県宇和島市,津波一時避難場所,-1,-1,0,1,0,0,0,0,3,宇和島市の回答より,33.23317859,132.5597859,1310
藤堂市太郎さん宅上の農道,33.22235063,132.5456678,,38203,藤堂市太郎さん宅上の農道,愛媛県宇和島市,津波一時避難場所,-1,-1,0,1,0,0,0,0,3,宇和島市の回答より,33.22235063,132.5456678,1311
徳の森集会所,33.26326876,132.5683837,,38203,徳の森集会所,愛媛県宇和島市高串2番耕地（徳の森）,収容施設、津波一時避難場所,-1,-1,0,0,0,0,0,1,3,,33.26326876,132.5683837,1312
徳正寺奥の高台,33.20153364,132.5568887,,38203,徳正寺奥の高台,愛媛県宇和島市,津波一時避難場所,-1,-1,0,1,0,0,0,0,3,,33.20153364,132.5568887,1313
徳田光義さん宅上農道,33.23962692,132.536018,,38203,徳田光義さん宅上農道,愛媛県宇和島市,津波一時避難場所,-1,-1,0,1,0,0,0,0,3,宇和島市の回答より,33.23962692,132.536018,1314
南レクオートキャンプ場進入道路,33.1321596,132.4993916,,38203,南レクオートキャンプ場進入道路,愛媛県宇和島市,津波一時避難場所,-1,-1,0,1,0,0,0,0,3,,33.1321596,132.4993916,1315
南部小学校,33.120141,132.474311,,38203,南部小学校,愛媛県宇和島市津島町北灘丁930-1,収容施設、一時避難場所,3270,6553,0,0,0,0,0,1,1,,33.120141,132.474311,1316
南予文化会館,33.220999,132.566649,,38203,南予文化会館,愛媛県宇和島市中央町2丁目5番1号,収容施設,2196,4393,0,0,0,0,0,1,1,,33.220999,132.566649,1317
日出山進宅裏山,33.13339027,132.5279369,,38203,日出山進宅裏山,愛媛県宇和島市,津波一時避難場所,-1,-1,0,1,0,0,0,0,3,宇和島市の回答より,33.13339027,132.5279369,1318
日振島小学校,33.168601,132.290269,,38203,日振島小学校,愛媛県宇和島市日振島2069番地,一時避難場所,3347,3347,0,0,0,0,0,1,1,,33.168601,132.290269,1319
猫松墓地,33.20226396,132.5038422,,38203,猫松墓地,愛媛県宇和島市,津波一時避難場所,-1,-1,0,1,0,0,0,0,3,宇和島市の回答より,33.20226396,132.5038422,1320
能登集会所,33.17182086,132.2692464,,38203,能登集会所,愛媛県宇和島市日振島335番地（能登）,収容施設,35,71,0,0,0,0,0,1,4,,33.17182086,132.2692464,1321
農道,33.18150075,132.5128027,,38203,農道,愛媛県宇和島市,津波一時避難場所,-1,-1,0,1,0,0,0,0,3,宇和島市の回答より,33.18150075,132.5128027,1322
農道（古屋敷）,33.16628725,132.4420485,,38203,農道（古屋敷）,愛媛県宇和島市,津波一時避難場所,-1,-1,0,1,0,0,0,0,3,宇和島市の回答より,33.16628725,132.4420485,1323
農道（水ヶ浦）,33.20639039,132.455103,,38203,農道（水ヶ浦）,愛媛県宇和島市,津波一時避難場所,-1,-1,0,1,0,0,0,0,3,宇和島市の回答より,33.20639039,132.455103,1324
農道（明越）,33.17913402,132.4679823,,38203,農道（明越）,愛媛県宇和島市,津波一時避難場所,-1,-1,0,1,0,0,0,0,3,宇和島市の回答より,33.17913402,132.4679823,1325
波岡集会所,33.29546973,132.6280036,,38203,波岡集会所,愛媛県宇和島市三間町波岡848番地,収容施設,-1,-1,0,0,0,0,0,1,4,,33.29546973,132.6280036,1326
拝高神社,33.14255096,132.4796464,,38203,拝高神社,愛媛県宇和島市,津波一時避難場所,-1,-1,0,1,0,0,0,0,3,宇和島市の回答より,33.14255096,132.4796464,1327
拝鷹神社境内のクロッケー場,33.20430729,132.5040026,,38203,拝鷹神社境内のクロッケー場,愛媛県宇和島市,津波一時避難場所,-1,-1,0,1,0,0,0,0,3,,33.20430729,132.5040026,1328
梅崎建設倉庫下付近,33.24995955,132.5452221,,38203,梅崎建設倉庫下付近,愛媛県宇和島市,津波一時避難場所,-1,-1,0,1,0,0,0,0,3,宇和島市の回答より,33.24995955,132.5452221,1329
梅崎勉さん宅上の奥の農道,33.23704292,132.5485348,,38203,梅崎勉さん宅上の奥の農道,愛媛県宇和島市,津波一時避難場所,-1,-1,0,1,0,0,0,0,3,宇和島市の回答より,33.23704292,132.5485348,1330
梅村正秀宅裏みかん山,33.13894786,132.4858855,,38203,梅村正秀宅裏みかん山,愛媛県宇和島市,津波一時避難場所,-1,-1,0,1,0,0,0,0,3,宇和島市の回答より,33.13894786,132.4858855,1331
白浦コミュニティセンター,33.310265,132.52858,,38203,白浦コミュニティセンター,愛媛県宇和島市吉田町白浦2031-3,一時避難場所,118,-1,0,0,0,0,0,1,1,,33.310265,132.52858,1332
白王神社,33.1365497,132.5077876,,38203,白王神社,愛媛県宇和島市,津波一時避難場所,-1,-1,0,1,0,0,0,0,3,,33.1365497,132.5077876,1333
白王神社境内,33.19931716,132.4428628,,38203,白王神社境内,愛媛県宇和島市,津波一時避難場所,-1,-1,0,1,0,0,0,0,3,,33.19931716,132.4428628,1334
迫目集会所,33.280012,132.604019,,38203,迫目集会所,愛媛県宇和島市三間町迫目1034番地1,収容施設,-1,-1,0,0,0,0,0,1,1,,33.280012,132.604019,1335
畑地コミュニティーセンター,33.088976,132.51309,,38203,畑地コミュニティーセンター,愛媛県宇和島市津島町上畑地甲568,収容施設、津波一時避難場所,390,797,0,0,0,0,0,1,1,,33.088976,132.51309,1336
畑地小学校,33.088331,132.514542,,38203,畑地小学校,愛媛県宇和島市津島町上畑地甲80,収容施設、一時避難場所,4490,9000,0,0,0,0,0,1,1,,33.088331,132.514542,1337
八坂神社境内,33.20244323,132.501626,,38203,八坂神社境内,愛媛県宇和島市,津波一時避難場所,-1,-1,0,1,0,0,0,0,3,,33.20244323,132.501626,1338
八幡神社横墓地の上,33.13121168,132.5326708,,38203,八幡神社横墓地の上,愛媛県宇和島市,津波一時避難場所,-1,-1,0,1,0,0,0,0,3,,33.13121168,132.5326708,1339
八幡神社及び裏山,33.10664538,132.4766398,,38203,八幡神社及び裏山,愛媛県宇和島市,津波一時避難場所,-1,-1,0,1,0,0,0,0,3,宇和島市の回答より,33.10664538,132.4766398,1340
番匠集会所（遊子公民館内）,33.195393,132.456855,,38203,番匠集会所（遊子公民館内）,愛媛県宇和島市遊子3153番地,収容施設,75,150,0,0,0,0,0,1,1,,33.195393,132.456855,1341
番城小学校,33.200936,132.549855,,38203,番城小学校,愛媛県宇和島市宮下甲201番地,一時避難場所,8668,8668,0,0,0,0,0,1,1,,33.200936,132.549855,1342
避難場所１（長浦Ａ）,33.23260066,132.5543728,,38203,避難場所１（長浦Ａ）,愛媛県宇和島市,津波一時避難場所,-1,-1,0,1,0,0,0,0,3,宇和島市の回答より,33.23260066,132.5543728,1343
避難場所２（長浦Ｂ）,33.23329237,132.5550442,,38203,避難場所２（長浦Ｂ）,愛媛県宇和島市,津波一時避難場所,-1,-1,0,1,0,0,0,0,3,宇和島市の回答より,33.23329237,132.5550442,1344
避難場所５,33.23662772,132.5548719,,38203,避難場所５,愛媛県宇和島市,津波一時避難場所,-1,-1,0,1,0,0,0,0,3,宇和島市の回答より,33.23662772,132.5548719,1345
避難場所６,33.23730818,132.554652,,38203,避難場所６,愛媛県宇和島市,津波一時避難場所,-1,-1,0,1,0,0,0,0,3,宇和島市の回答より,33.23730818,132.554652,1346
百合田邑幸さん宅奥のバイパス下,33.21525817,132.5471711,,38203,百合田邑幸さん宅奥のバイパス下,愛媛県宇和島市,津波一時避難場所,-1,-1,0,1,0,0,0,0,3,宇和島市の回答より,33.21525817,132.5471711,1347
浜田喜太雄さん宅裏の農道,33.22356495,132.5447342,,38203,浜田喜太雄さん宅裏の農道,愛媛県宇和島市,津波一時避難場所,-1,-1,0,1,0,0,0,0,3,宇和島市の回答より,33.22356495,132.5447342,1348
浜田金治宅裏山,33.140542,132.4642426,,38203,浜田金治宅裏山,愛媛県宇和島市,津波一時避難場所,-1,-1,0,1,0,0,0,0,3,宇和島市の回答より,33.140542,132.4642426,1349
不呂の奥林道,33.1195432,132.550134,,38203,不呂の奥林道,愛媛県宇和島市,津波一時避難場所,-1,-1,0,1,0,0,0,0,3,宇和島市の回答より,33.1195432,132.550134,1350
冨永琴美さん宅上の空地,33.23239251,132.5638443,,38203,冨永琴美さん宅上の空地,愛媛県宇和島市,津波一時避難場所,-1,-1,0,1,0,0,0,0,3,宇和島市の回答より,33.23239251,132.5638443,1351
斧春子宅裏山（亥の子小屋裏山）,33.11851217,132.4678714,,38203,斧春子宅裏山（亥の子小屋裏山）,愛媛県宇和島市,津波一時避難場所,-1,-1,0,1,0,0,0,0,3,宇和島市の回答より,33.11851217,132.4678714,1352
武田石油裏共同墓地,33.13843528,132.4961161,,38203,武田石油裏共同墓地,愛媛県宇和島市,津波一時避難場所,-1,-1,0,1,0,0,0,0,3,,33.13843528,132.4961161,1353
武内繁暉宅北側みかん山,33.14419498,132.4513071,,38203,武内繁暉宅北側みかん山,愛媛県宇和島市,津波一時避難場所,-1,-1,0,1,0,0,0,0,3,宇和島市の回答より,33.14419498,132.4513071,1354
福浦入口手前道路・共同墓地,33.1522974,132.4404439,,38203,福浦入口手前道路・共同墓地,愛媛県宇和島市,津波一時避難場所,-1,-1,0,1,0,0,0,0,3,宇和島市の回答より,33.1522974,132.4404439,1355
福寿苑墓地,33.06234106,132.4118722,,38203,福寿苑墓地,愛媛県宇和島市,津波一時避難場所,-1,-1,0,1,0,0,0,0,3,宇和島市の回答より,33.06234106,132.4118722,1356
兵頭儀容宅裏山,33.06609693,132.4904655,,38203,兵頭儀容宅裏山,愛媛県宇和島市,津波一時避難場所,-1,-1,0,1,0,0,0,0,3,宇和島市の回答より,33.06609693,132.4904655,1357
兵頭孝治宅横農道（奥駄馬）,33.12987141,132.5042551,,38203,兵頭孝治宅横農道（奥駄馬）,愛媛県宇和島市,津波一時避難場所,-1,-1,0,1,0,0,0,0,3,宇和島市の回答より,33.12987141,132.5042551,1358
平井分校裏山,33.05591372,132.4564608,,38203,平井分校裏山,愛媛県宇和島市,津波一時避難場所,-1,-1,0,1,0,0,0,0,3,,33.05591372,132.4564608,1359
平浦公園上の山,33.1915978,132.5001076,,38203,平浦公園上の山,愛媛県宇和島市,津波一時避難場所,-1,-1,0,1,0,0,0,0,3,宇和島市の回答より,33.1915978,132.5001076,1360
平駄馬マイク塔前,33.2742714,132.5971598,,38203,平駄馬マイク塔前,愛媛県宇和島市,津波一時避難場所,-1,-1,0,1,0,0,0,0,3,宇和島市の回答より,33.2742714,132.5971598,1361
平駄馬消防団詰所前,33.27323048,132.5959695,,38203,平駄馬消防団詰所前,愛媛県宇和島市,津波一時避難場所,-1,-1,0,1,0,0,0,0,3,宇和島市の回答より,33.27323048,132.5959695,1362
平野徳満宅裏山共同墓地,33.0545541,132.448594,,38203,平野徳満宅裏山共同墓地,愛媛県宇和島市,津波一時避難場所,-1,-1,0,1,0,0,0,0,3,宇和島市の回答より,33.0545541,132.448594,1363
別当５丁目（青葉台）,33.21187785,132.5452903,,38203,別当５丁目（青葉台）,愛媛県宇和島市,津波一時避難場所,-1,-1,0,1,0,0,0,0,3,,33.21187785,132.5452903,1364
別当６丁目高台,33.20798684,132.5470091,,38203,別当６丁目高台,愛媛県宇和島市,津波一時避難場所,-1,-1,0,1,0,0,0,0,3,,33.20798684,132.5470091,1365
片岡サカエ宅裏山,33.1364373,132.4537906,,38203,片岡サカエ宅裏山,愛媛県宇和島市,津波一時避難場所,-1,-1,0,1,0,0,0,0,3,宇和島市の回答より,33.1364373,132.4537906,1366
遍照庵境内,33.18644872,132.4015701,,38203,遍照庵境内,愛媛県宇和島市,津波一時避難場所,-1,-1,0,1,0,0,0,0,3,,33.18644872,132.4015701,1367
弁財天宮,33.21302452,132.5257505,,38203,弁財天宮,愛媛県宇和島市,津波一時避難場所,-1,-1,0,1,0,0,0,0,3,宇和島市の回答より,33.21302452,132.5257505,1368
保健センター,33.182102,132.547788,,38203,保健センター,愛媛県宇和島市,津波一時避難場所,-1,-1,0,1,0,0,0,0,1,,33.182102,132.547788,1369
保健福祉センター,33.287775,132.605858,,38203,保健福祉センター,愛媛県宇和島市三間町迫目126番地,収容施設,-1,-1,0,0,0,0,0,1,3,,33.287775,132.605858,1370
保手４丁目高台,33.2143288,132.5487754,,38203,保手４丁目高台,愛媛県宇和島市,津波一時避難場所,-1,-1,0,1,0,0,0,0,3,,33.2143288,132.5487754,1371
保手公園,33.21398295,132.5476624,,38203,保手公園,愛媛県宇和島市,津波一時避難場所,-1,-1,0,1,0,0,0,0,1,,33.21398295,132.5476624,1372
保場川集会所,33.08615345,132.5213913,,38203,保場川集会所,愛媛県宇和島市津島町下畑地甲1890番地,津波一時避難場所,-1,-1,0,1,0,0,0,0,4,,33.08615345,132.5213913,1374
保福寺裏の農道,33.16645899,132.4588849,,38203,保福寺裏の農道,愛媛県宇和島市,津波一時避難場所,-1,-1,0,1,0,0,0,0,3,,33.16645899,132.4588849,1375
墓空き地,33.17561014,132.5150246,,38203,墓空き地,愛媛県宇和島市,津波一時避難場所,-1,-1,0,1,0,0,0,0,3,宇和島市の回答より,33.17561014,132.5150246,1376
墓空き地（魚泊）,33.20007129,132.4571582,,38203,墓空き地（魚泊）,愛媛県宇和島市,津波一時避難場所,-1,-1,0,1,0,0,0,0,3,宇和島市の回答より,33.20007129,132.4571582,1377
墓地,33.21308125,132.5269089,,38203,墓地,愛媛県宇和島市,津波一時避難場所,-1,-1,0,1,0,0,0,0,3,,33.21308125,132.5269089,1378
墓地,33.19936587,132.4046782,,38203,墓地,愛媛県宇和島市,津波一時避難場所,-1,-1,0,1,0,0,0,0,3,宇和島市の回答より,33.19936587,132.4046782,1379
墓地空地（矢の浦）,33.18812772,132.457856,,38203,墓地空地（矢の浦）,愛媛県宇和島市,津波一時避難場所,-1,-1,0,1,0,0,0,0,3,宇和島市の回答より,33.18812772,132.457856,1380
墓地裏山,33.11498864,132.5235506,,38203,墓地裏山,愛媛県宇和島市,津波一時避難場所,-1,-1,0,1,0,0,0,0,3,宇和島市の回答より,33.11498864,132.5235506,1381
墓地裏山（小矢の浦）,33.19082788,132.4562392,,38203,墓地裏山（小矢の浦）,愛媛県宇和島市,津波一時避難場所,-1,-1,0,1,0,0,0,0,3,宇和島市の回答より,33.19082788,132.4562392,1382
峰住神社,33.27410251,132.5433686,,38203,峰住神社,愛媛県宇和島市,津波一時避難場所,-1,-1,0,1,0,0,0,0,3,,33.27410251,132.5433686,1383
芳原集会所裏墓地,33.10915533,132.5179016,,38203,芳原集会所裏墓地,愛媛県宇和島市,津波一時避難場所,-1,-1,0,1,0,0,0,0,3,,33.10915533,132.5179016,1384
豊の浦（宮内）はいたか神社境内,33.19476089,132.4076107,,38203,豊の浦（宮内）はいたか神社境内,愛媛県宇和島市,津波一時避難場所,-1,-1,0,1,0,0,0,0,3,,33.19476089,132.4076107,1385
鉾神社,33.11563694,132.4992395,,38203,鉾神社,愛媛県宇和島市,津波一時避難場所,-1,-1,0,1,0,0,0,0,3,,33.11563694,132.4992395,1386
北増穂集会所,33.303956,132.613226,,38203,北増穂集会所,愛媛県宇和島市三間町北増穂43番地1,収容施設,-1,-1,0,0,0,0,0,1,1,,33.303956,132.613226,1387
北灘公民館,33.14273836,132.4767638,,38203,北灘公民館,愛媛県宇和島市津島町北灘甲2142-3,収容施設,500,1005,0,0,0,0,0,1,4,,33.14273836,132.4767638,1388
北灘小学校,33.141667,132.468452,,38203,北灘小学校,愛媛県宇和島市津島町北灘乙153,収容施設、一時避難場所,7610,15241,0,0,0,0,0,1,1,,33.141667,132.468452,1389
北灘隧道上みかん山,33.14079489,132.4741503,,38203,北灘隧道上みかん山,愛媛県宇和島市,津波一時避難場所,-1,-1,0,1,0,0,0,0,3,,33.14079489,132.4741503,1390
北灘隧道付近墓地,33.14118523,132.4758524,,38203,北灘隧道付近墓地,愛媛県宇和島市,津波一時避難場所,-1,-1,0,1,0,0,0,0,3,宇和島市の回答より,33.14118523,132.4758524,1391
堀川彰宅裏山,33.12997711,132.5381802,,38203,堀川彰宅裏山,愛媛県宇和島市,津波一時避難場所,-1,-1,0,1,0,0,0,0,3,宇和島市の回答より,33.12997711,132.5381802,1392
本浦集会所,33.198697,132.36047,,38203,本浦集会所,愛媛県宇和島市戸島2065番地1（本浦）,収容施設,66,132,0,0,0,0,0,1,1,,33.198697,132.36047,1393
本光寺,33.22425391,132.5225355,,38203,本光寺,愛媛県宇和島市,津波一時避難場所,-1,-1,0,1,0,0,0,0,3,,33.22425391,132.5225355,1394
本川内集会所奥の薬師谷線沿道,33.2006755,132.5635264,,38203,本川内集会所奥の薬師谷線沿道,愛媛県宇和島市,津波一時避難場所,-1,-1,0,1,0,0,0,0,3,宇和島市の回答より,33.2006755,132.5635264,1395
本村集会所,33.266188,132.563487,,38203,本村集会所,愛媛県宇和島市高串3番耕地430番地2（本村）,収容施設、津波一時避難場所,31,63,0,0,0,0,0,1,1,,33.266188,132.563487,1396
盆ヶ浦お地蔵さん付近,33.05971518,132.4700741,,38203,盆ヶ浦お地蔵さん付近,愛媛県宇和島市,津波一時避難場所,-1,-1,0,1,0,0,0,0,3,宇和島市の回答より,33.05971518,132.4700741,1397
末広要宅裏山,33.06677504,132.4120787,,38203,末広要宅裏山,愛媛県宇和島市,津波一時避難場所,-1,-1,0,1,0,0,0,0,3,宇和島市の回答より,33.06677504,132.4120787,1398
満願寺,33.12079392,132.5503731,,38203,満願寺,愛媛県宇和島市,津波一時避難場所,-1,-1,0,1,0,0,0,0,3,,33.12079392,132.5503731,1399
妙泉寺墓地,33.13002776,132.5360467,,38203,妙泉寺墓地,愛媛県宇和島市,津波一時避難場所,-1,-1,0,1,0,0,0,0,3,,33.13002776,132.5360467,1400
妙徳寺,33.14331296,132.5093059,,38203,妙徳寺,愛媛県宇和島市,津波一時避難場所,-1,-1,0,1,0,0,0,0,3,,33.14331296,132.5093059,1401
務田公民館,33.284101,132.59739,,38203,務田公民館,愛媛県宇和島市三間町務田,収容施設,-1,-1,0,0,0,0,0,1,3,,33.284101,132.59739,1402
務田迫目集会所,33.28189387,132.5994453,,38203,務田迫目集会所,愛媛県宇和島市三間町務田946番地1,収容施設,-1,-1,0,0,0,0,0,1,3,,33.28189387,132.5994453,1403
名切バス停前の農道,33.1637133,132.4858275,,38203,名切バス停前の農道,愛媛県宇和島市,津波一時避難場所,-1,-1,0,1,0,0,0,0,3,宇和島市の回答より,33.1637133,132.4858275,1404
明源寺,33.21869274,132.5712139,,38203,明源寺,愛媛県宇和島市,津波一時避難場所,-1,-1,0,1,0,0,0,0,3,,33.21869274,132.5712139,1405
綿津見神社境内,33.12065574,132.4746904,,38203,綿津見神社境内,愛媛県宇和島市,津波一時避難場所,-1,-1,0,1,0,0,0,0,3,,33.12065574,132.4746904,1406
木浦松谷奥農道,33.14329893,132.4647642,,38203,木浦松谷奥農道,愛媛県宇和島市,津波一時避難場所,-1,-1,0,1,0,0,0,0,3,宇和島市の回答より,33.14329893,132.4647642,1407
木村隆通宅裏山,33.08021442,132.4739478,,38203,木村隆通宅裏山,愛媛県宇和島市,津波一時避難場所,-1,-1,0,1,0,0,0,0,3,宇和島市の回答より,33.08021442,132.4739478,1408
籾入川上ハタミダ農道,33.16315365,132.4878749,,38203,籾入川上ハタミダ農道,愛媛県宇和島市,津波一時避難場所,-1,-1,0,1,0,0,0,0,3,宇和島市の回答より,33.16315365,132.4878749,1409
野川集会所,33.21646,132.575732,,38203,野川集会所,愛媛県宇和島市野川1248-4,収容施設,-1,-1,0,0,0,0,0,1,1,,33.21646,132.575732,1410
矢ヶ浜集会所,33.201804,132.394384,,38203,矢ヶ浜集会所,愛媛県宇和島市蒋淵3359番地,収容施設,24,49,0,0,0,0,0,1,3,,33.201804,132.394384,1411
矢の浦集会所,33.18843573,132.4580991,,38203,矢の浦集会所,愛媛県宇和島市遊子4433番地（矢の浦）,収容施設,42,84,0,0,0,0,0,1,4,,33.18843573,132.4580991,1412
薬王寺境内,33.17451,132.500962,,38203,薬王寺境内,愛媛県宇和島市,津波一時避難場所,-1,-1,0,1,0,0,0,0,3,,33.17451,132.500962,1413
薬師寺義久宅横農道,33.13257231,132.5120504,,38203,薬師寺義久宅横農道,愛媛県宇和島市,津波一時避難場所,-1,-1,0,1,0,0,0,0,3,宇和島市の回答より,33.13257231,132.5120504,1414
薬師神正明さん宅奥の山,33.2041791,132.5635024,,38203,薬師神正明さん宅奥の山,愛媛県宇和島市,津波一時避難場所,-1,-1,0,1,0,0,0,0,3,宇和島市の回答より,33.2041791,132.5635024,1415
薬師谷集会所駐車場,33.195109,132.562215,,38203,薬師谷集会所駐車場,愛媛県宇和島市,津波一時避難場所,-1,-1,0,1,0,0,0,0,3,,33.195109,132.562215,1416
薬師谷団地内高台グランド,33.19710163,132.5526098,,38203,薬師谷団地内高台グランド,愛媛県宇和島市,津波一時避難場所,-1,-1,0,1,0,0,0,0,3,,33.19710163,132.5526098,1417
薬師堂境内,33.20665116,132.4563387,,38203,薬師堂境内,愛媛県宇和島市,津波一時避難場所,-1,-1,0,1,0,0,0,0,3,,33.20665116,132.4563387,1418
由良小学校,33.05678,132.429688,,38203,由良小学校,愛媛県宇和島市津島町成408,収容施設、一時避難場所,3910,7836,0,0,0,0,0,1,1,,33.05678,132.429688,1419
由良小学校須下分校,33.062075,132.416652,,38203,由良小学校須下分校,愛媛県宇和島市津島町須下181-7,収容施設、一時避難場所,3020,6050,0,0,0,0,0,1,1,,33.062075,132.416652,1420
由良小学校須下分校裏県道,33.06130312,132.4165748,,38203,由良小学校須下分校裏県道,愛媛県宇和島市,津波一時避難場所,-1,-1,0,1,0,0,0,0,3,,33.06130312,132.4165748,1421
由良小学校平井分校,33.056347,132.456443,,38203,由良小学校平井分校,愛媛県宇和島市津島町平井366,収容施設、一時避難場所,2330,4682,0,0,0,0,0,1,1,,33.056347,132.456443,1422
由良神社,33.06452342,132.4123096,,38203,由良神社,愛媛県宇和島市,津波一時避難場所,-1,-1,0,1,0,0,0,0,3,,33.06452342,132.4123096,1423
遊子小学校,33.193935,132.454754,,38203,遊子小学校,愛媛県宇和島市遊子3624番地,一時避難場所,3769,3769,0,0,0,0,0,1,1,,33.193935,132.454754,1424
来応寺上墓地,33.2038135,132.5470219,,38203,来応寺上墓地,愛媛県宇和島市,津波一時避難場所,-1,-1,0,1,0,0,0,0,3,,33.2038135,132.5470219,1425
嵐旧道,33.0787277,132.4894411,,38203,嵐旧道,愛媛県宇和島市,津波一時避難場所,-1,-1,0,1,0,0,0,0,3,宇和島市の回答より,33.0787277,132.4894411,1426
嵐集会所前墓地裏山,33.07648918,132.4877496,,38203,嵐集会所前墓地裏山,愛媛県宇和島市,津波一時避難場所,-1,-1,0,1,0,0,0,0,3,,33.07648918,132.4877496,1427
立正寺境内,33.220151,132.571372,,38203,立正寺境内,愛媛県宇和島市,津波一時避難場所,-1,-1,0,1,0,0,0,0,3,,33.220151,132.571372,1428
立正保育園裏山,33.21346165,132.5649966,,38203,立正保育園裏山,愛媛県宇和島市,津波一時避難場所,-1,-1,0,1,0,0,0,0,3,,33.21346165,132.5649966,1429
立目・牛川老人文化センター,33.266567,132.516247,,38203,立目・牛川老人文化センター,愛媛県宇和島市吉田町南君2098,一時避難場所,40,-1,0,0,0,0,0,1,3,,33.266567,132.516247,1430
竜華山等覚寺境内,33.21721357,132.5738682,,38203,竜華山等覚寺境内,愛媛県宇和島市,津波一時避難場所,-1,-1,0,1,0,0,0,0,3,,33.21721357,132.5738682,1431
龍光院境内,33.22494545,132.5692689,,38203,龍光院境内,愛媛県宇和島市,津波一時避難場所,-1,-1,0,1,0,0,0,0,3,,33.22494545,132.5692689,1432
龍集寺境内,33.19971686,132.3606243,,38203,龍集寺境内,愛媛県宇和島市,津波一時避難場所,-1,-1,0,1,0,0,0,0,3,,33.19971686,132.3606243,1433
臨江寺墓地,33.12552961,132.52456,,38203,臨江寺墓地,愛媛県宇和島市,津波一時避難場所,-1,-1,0,1,0,0,0,0,3,,33.12552961,132.52456,1434
鈴村誠一さん宅前の道路,33.23287881,132.5669946,,38203,鈴村誠一さん宅前の道路,愛媛県宇和島市,津波一時避難場所,-1,-1,0,1,0,0,0,0,3,宇和島市の回答より,33.23287881,132.5669946,1435
老人憩の家,33.18974277,132.4562476,,38203,老人憩の家,愛媛県宇和島市,津波一時避難場所,-1,-1,0,1,0,0,0,0,3,宇和島市の回答より,33.18974277,132.4562476,1436
和田の奥,33.24159163,132.5532294,,38203,和田の奥,愛媛県宇和島市,津波一時避難場所,-1,-1,0,1,0,0,0,0,3,宇和島市の回答より,33.24159163,132.5532294,1437
和霊公園,33.22837401,132.5656966,,38203,和霊公園,愛媛県宇和島市和霊公園,一時避難場所,11800,11800,0,0,0,0,0,1,1,,33.22837401,132.5656966,1438
和霊小学校グランド,33.23074,132.575658,,38203,和霊小学校グランド,愛媛県宇和島市,津波一時避難場所,-1,-1,0,1,0,0,0,0,1,,33.23074,132.575658,1439
和霊神社境内,33.2299,132.565303,,38203,和霊神社境内,愛媛県宇和島市,津波一時避難場所,-1,-1,0,1,0,0,0,0,3,,33.2299,132.565303,1440
佛海寺境内,33.21278487,132.5699314,,38203,佛海寺境内,愛媛県宇和島市,津波一時避難場所,-1,-1,0,1,0,0,0,0,3,,33.21278487,132.5699314,1441
嶽山神社付近みかん山,33.14791016,132.475212,,38203,嶽山神社付近みかん山,愛媛県宇和島市,津波一時避難場所,-1,-1,0,1,0,0,0,0,3,宇和島市の回答より,33.14791016,132.475212,1442
濱田茂道さん宅裏の農道,33.22307037,132.5452654,,38203,濱田茂道さん宅裏の農道,愛媛県宇和島市,津波一時避難場所,-1,-1,0,1,0,0,0,0,3,宇和島市の回答より,33.22307037,132.5452654,1443
